bin,R2_mean,dist
,0.09349785007946255,0.0
"[0.0, 0.01)",0.06743123639786672,0.01
"[0.01, 0.02)",0.05356454128477785,0.02
"[0.02, 0.03)",0.048868062666705375,0.03
"[0.03, 0.04)",0.0466864091477255,0.04
"[0.04, 0.05)",0.043528926283540804,0.05
"[0.05, 0.06)",0.04494042141793789,0.06
"[0.06, 0.07)",0.041959009859740805,0.07
"[0.07, 0.08)",0.040683499554168334,0.08
"[0.08, 0.09)",0.040732689017714485,0.09
"[0.09, 0.1)",0.040853687336007284,0.1
"[0.1, 0.11)",0.03795089093839963,0.11
"[0.11, 0.12)",0.03887437074633719,0.12
"[0.12, 0.13)",0.04006020668183131,0.13
"[0.13, 0.14)",0.041262292937733674,0.14
"[0.14, 0.15)",0.040185360979482276,0.15
"[0.15, 0.16)",0.039057320985073016,0.16
"[0.16, 0.17)",0.03935921725293805,0.17
"[0.17, 0.18)",0.03697460666419304,0.18
"[0.18, 0.19)",0.03613518199938401,0.19
"[0.19, 0.2)",0.038075038159578384,0.2
"[0.2, 0.21)",0.0371658415224642,0.21
"[0.21, 0.22)",0.0384822712580811,0.22
"[0.22, 0.23)",0.03851434471240498,0.23
"[0.23, 0.24)",0.03809004423925558,0.24
"[0.24, 0.25)",0.03602530963616102,0.25
"[0.25, 0.26)",0.037551820631406545,0.26
"[0.26, 0.27)",0.03683926631643548,0.27
"[0.27, 0.28)",0.03581906877121585,0.28
"[0.28, 0.29)",0.03453493973581262,0.29
"[0.29, 0.3)",0.03466667285842227,0.3
"[0.3, 0.31)",0.03553399539237086,0.31
"[0.31, 0.32)",0.034913260221760715,0.32
"[0.32, 0.33)",0.03516752353270134,0.33
"[0.33, 0.34)",0.03412370412448131,0.34
"[0.34, 0.35000000000000003)",0.034672384647896674,0.35000000000000003
"[0.35000000000000003, 0.36)",0.032443693535340705,0.36
"[0.36, 0.37)",0.03542369037158668,0.37
"[0.37, 0.38)",0.03475100671639224,0.38
"[0.38, 0.39)",0.03309619619267654,0.39
"[0.39, 0.4)",0.03482654078958718,0.4
"[0.4, 0.41000000000000003)",0.03350123334575794,0.41000000000000003
"[0.41000000000000003, 0.42)",0.033938555170373336,0.42
"[0.42, 0.43)",0.035034399925810804,0.43
"[0.43, 0.44)",0.03301299413848333,0.44
"[0.44, 0.45)",0.031099732822094762,0.45
"[0.45, 0.46)",0.03379297365168696,0.46
"[0.46, 0.47000000000000003)",0.03242187667848419,0.47000000000000003
"[0.47000000000000003, 0.48)",0.031596440907544064,0.48
"[0.48, 0.49)",0.03191030615048782,0.49
"[0.49, 0.5)",0.03436770825384262,0.5
"[0.5, 0.51)",0.03372572422487532,0.51
"[0.51, 0.52)",0.0335528022039468,0.52
"[0.52, 0.53)",0.03360061994632995,0.53
"[0.53, 0.54)",0.03292154412131578,0.54
"[0.54, 0.55)",0.03293711268063721,0.55
"[0.55, 0.56)",0.034115407135019406,0.56
"[0.56, 0.5700000000000001)",0.03314933449078457,0.5700000000000001
"[0.5700000000000001, 0.58)",0.03406826229652532,0.58
"[0.58, 0.59)",0.0324573347179097,0.59
"[0.59, 0.6)",0.03149010350195883,0.6
"[0.6, 0.61)",0.03136557490733233,0.61
"[0.61, 0.62)",0.031109675625665374,0.62
"[0.62, 0.63)",0.030743748755411977,0.63
"[0.63, 0.64)",0.0305693288309728,0.64
"[0.64, 0.65)",0.030289290758036738,0.65
"[0.65, 0.66)",0.029976072426464693,0.66
"[0.66, 0.67)",0.030289227296872286,0.67
"[0.67, 0.68)",0.03151113844059396,0.68
"[0.68, 0.6900000000000001)",0.031636897534523714,0.6900000000000001
"[0.6900000000000001, 0.7000000000000001)",0.03145365870323853,0.7000000000000001
"[0.7000000000000001, 0.71)",0.03197584643630687,0.71
"[0.71, 0.72)",0.03211066117782272,0.72
"[0.72, 0.73)",0.031119324563936405,0.73
"[0.73, 0.74)",0.0327659981365471,0.74
"[0.74, 0.75)",0.032952333975709784,0.75
"[0.75, 0.76)",0.033762809976602734,0.76
"[0.76, 0.77)",0.0328879734898173,0.77
"[0.77, 0.78)",0.03336699465972913,0.78
"[0.78, 0.79)",0.03338547480915677,0.79
"[0.79, 0.8)",0.03281394508831351,0.8
"[0.8, 0.81)",0.03317825156915404,0.81
"[0.81, 0.8200000000000001)",0.03100132209620168,0.8200000000000001
"[0.8200000000000001, 0.8300000000000001)",0.031323399091727176,0.8300000000000001
"[0.8300000000000001, 0.84)",0.030710950447704045,0.84
"[0.84, 0.85)",0.031835598637571697,0.85
"[0.85, 0.86)",0.0318360583371902,0.86
"[0.86, 0.87)",0.030451986810159207,0.87
"[0.87, 0.88)",0.03258616054393724,0.88
"[0.88, 0.89)",0.031992059640428956,0.89
"[0.89, 0.9)",0.03143919864963011,0.9
"[0.9, 0.91)",0.03195864046271005,0.91
"[0.91, 0.92)",0.030717235363574454,0.92
"[0.92, 0.93)",0.0327624530840438,0.93
"[0.93, 0.9400000000000001)",0.03329613182704885,0.9400000000000001
"[0.9400000000000001, 0.9500000000000001)",0.03289890744115163,0.9500000000000001
"[0.9500000000000001, 0.96)",0.031578801325946475,0.96
"[0.96, 0.97)",0.03242550345479363,0.97
"[0.97, 0.98)",0.030316958500292125,0.98
"[0.98, 0.99)",0.032142107934137965,0.99
"[0.99, 1.0)",0.031485296320705146,1.0
"[1.0, 1.01)",0.03213407819764803,1.01
"[1.01, 1.02)",0.032075262385637945,1.02
"[1.02, 1.03)",0.03192110816164326,1.03
"[1.03, 1.04)",0.030472407927092944,1.04
"[1.04, 1.05)",0.030692748499752384,1.05
"[1.05, 1.06)",0.030218521119593618,1.06
"[1.06, 1.07)",0.030780311528663444,1.07
"[1.07, 1.08)",0.032158081404895254,1.08
"[1.08, 1.09)",0.030634189855371415,1.09
"[1.09, 1.1)",0.031989515201410815,1.1
"[1.1, 1.11)",0.031535034853333234,1.11
"[1.11, 1.12)",0.03142683624130511,1.12
"[1.12, 1.1300000000000001)",0.03220003518607191,1.1300000000000001
"[1.1300000000000001, 1.1400000000000001)",0.031254297958613286,1.1400000000000001
"[1.1400000000000001, 1.1500000000000001)",0.030602296304407854,1.1500000000000001
"[1.1500000000000001, 1.16)",0.029246930323796456,1.16
"[1.16, 1.17)",0.029782565007273772,1.17
"[1.17, 1.18)",0.03005181619536829,1.18
"[1.18, 1.19)",0.029989465916854446,1.19
"[1.19, 1.2)",0.03016722632515504,1.2
"[1.2, 1.21)",0.031031149848471957,1.21
"[1.21, 1.22)",0.03146481635023169,1.22
"[1.22, 1.23)",0.03091008867214974,1.23
"[1.23, 1.24)",0.030240303781432512,1.24
"[1.24, 1.25)",0.02977654279812816,1.25
"[1.25, 1.26)",0.0303403177055225,1.26
"[1.26, 1.27)",0.0319272316142149,1.27
"[1.27, 1.28)",0.03217287675241253,1.28
"[1.28, 1.29)",0.03187176873191134,1.29
"[1.29, 1.3)",0.031727195895447,1.3
"[1.3, 1.31)",0.03232258945450955,1.31
"[1.31, 1.32)",0.031050135625372417,1.32
"[1.32, 1.33)",0.029414051496682515,1.33
"[1.33, 1.34)",0.032239221863394375,1.34
"[1.34, 1.35)",0.03156768841350304,1.35
"[1.35, 1.36)",0.03134624603724174,1.36
"[1.36, 1.37)",0.031058672399244324,1.37
"[1.37, 1.3800000000000001)",0.031762476240383676,1.3800000000000001
"[1.3800000000000001, 1.3900000000000001)",0.028827018175445245,1.3900000000000001
"[1.3900000000000001, 1.4000000000000001)",0.031071797021315392,1.4000000000000001
"[1.4000000000000001, 1.41)",0.030873821342527176,1.41
"[1.41, 1.42)",0.030107980621174573,1.42
"[1.42, 1.43)",0.030373080535059507,1.43
"[1.43, 1.44)",0.031115668188255674,1.44
"[1.44, 1.45)",0.03172432228386512,1.45
"[1.45, 1.46)",0.030449207475854525,1.46
"[1.46, 1.47)",0.031277113436085795,1.47
"[1.47, 1.48)",0.031789240593057495,1.48
"[1.48, 1.49)",0.030863340625903738,1.49
"[1.49, 1.5)",0.030217342700337258,1.5
"[1.5, 1.51)",0.029183605866179452,1.51
"[1.51, 1.52)",0.029408178814264652,1.52
"[1.52, 1.53)",0.029808456318299155,1.53
"[1.53, 1.54)",0.031060367155250127,1.54
"[1.54, 1.55)",0.030216658012668055,1.55
"[1.55, 1.56)",0.029347421233298806,1.56
"[1.56, 1.57)",0.030578201698040493,1.57
"[1.57, 1.58)",0.029702538519083024,1.58
"[1.58, 1.59)",0.03128744650889709,1.59
"[1.59, 1.6)",0.029850042811333508,1.6
"[1.6, 1.61)",0.030487530148797265,1.61
"[1.61, 1.62)",0.03193556846942178,1.62
"[1.62, 1.6300000000000001)",0.03001940457754017,1.6300000000000001
"[1.6300000000000001, 1.6400000000000001)",0.03125947333128409,1.6400000000000001
"[1.6400000000000001, 1.6500000000000001)",0.030385647575693633,1.6500000000000001
"[1.6500000000000001, 1.6600000000000001)",0.030557870382248248,1.6600000000000001
"[1.6600000000000001, 1.67)",0.031238233226434098,1.67
"[1.67, 1.68)",0.03183742884712622,1.68
"[1.68, 1.69)",0.031022177084546923,1.69
"[1.69, 1.7)",0.03162509989399972,1.7
"[1.7, 1.71)",0.031150393327560626,1.71
"[1.71, 1.72)",0.029930932382141253,1.72
"[1.72, 1.73)",0.03027589044360682,1.73
"[1.73, 1.74)",0.03014381648521729,1.74
"[1.74, 1.75)",0.02940747558406445,1.75
"[1.75, 1.76)",0.03096263290029012,1.76
"[1.76, 1.77)",0.030763214769680636,1.77
"[1.77, 1.78)",0.03037005202444444,1.78
"[1.78, 1.79)",0.0296027678534348,1.79
"[1.79, 1.8)",0.028690968700614588,1.8
"[1.8, 1.81)",0.031152658323379035,1.81
"[1.81, 1.82)",0.030293434917040382,1.82
"[1.82, 1.83)",0.02939569789782442,1.83
"[1.83, 1.84)",0.029847465604232345,1.84
"[1.84, 1.85)",0.03121879862055922,1.85
"[1.85, 1.86)",0.031698384677399744,1.86
"[1.86, 1.87)",0.029899946812225117,1.87
"[1.87, 1.8800000000000001)",0.03050883557226271,1.8800000000000001
"[1.8800000000000001, 1.8900000000000001)",0.03149190138278168,1.8900000000000001
"[1.8900000000000001, 1.9000000000000001)",0.030406039208352713,1.9000000000000001
"[1.9000000000000001, 1.9100000000000001)",0.028806797832275813,1.9100000000000001
"[1.9100000000000001, 1.92)",0.029410398041994825,1.92
"[1.92, 1.93)",0.03002798777188811,1.93
"[1.93, 1.94)",0.030479005820156554,1.94
"[1.94, 1.95)",0.030848738900306205,1.95
"[1.95, 1.96)",0.03073693529270937,1.96
"[1.96, 1.97)",0.030475557723950768,1.97
"[1.97, 1.98)",0.02918160419846361,1.98
"[1.98, 1.99)",0.03106566929128165,1.99
"[1.99, 2.0)",0.0315397434696256,2.0
"[2.0, 2.0100000000000002)",0.032499147951541685,2.0100000000000002
"[2.0100000000000002, 2.02)",0.03196115918987904,2.02
"[2.02, 2.0300000000000002)",0.030349851776120373,2.0300000000000002
"[2.0300000000000002, 2.04)",0.031141078657627528,2.04
"[2.04, 2.05)",0.030021121579961913,2.05
"[2.05, 2.06)",0.03181955261621382,2.06
"[2.06, 2.07)",0.02963135536730672,2.07
"[2.07, 2.08)",0.030679133899632834,2.08
"[2.08, 2.09)",0.03105325270611055,2.09
"[2.09, 2.1)",0.02932043923952795,2.1
"[2.1, 2.11)",0.028896679666338167,2.11
"[2.11, 2.12)",0.02905328745108901,2.12
"[2.12, 2.13)",0.029601535195400337,2.13
"[2.13, 2.14)",0.03006542992857474,2.14
"[2.14, 2.15)",0.028408536573202994,2.15
"[2.15, 2.16)",0.029070576692759895,2.16
"[2.16, 2.17)",0.029577396479644472,2.17
"[2.17, 2.18)",0.029084453598575206,2.18
"[2.18, 2.19)",0.029839323724034274,2.19
"[2.19, 2.2)",0.03011095691160838,2.2
"[2.2, 2.21)",0.029866680545683352,2.21
"[2.21, 2.22)",0.030329828790547745,2.22
"[2.22, 2.23)",0.0298902361191353,2.23
"[2.23, 2.24)",0.02897645120114898,2.24
"[2.24, 2.25)",0.027821554361229687,2.25
"[2.25, 2.2600000000000002)",0.028509001972436786,2.2600000000000002
"[2.2600000000000002, 2.27)",0.02838211000738037,2.27
"[2.27, 2.2800000000000002)",0.029912970171791894,2.2800000000000002
"[2.2800000000000002, 2.29)",0.029695016377869927,2.29
"[2.29, 2.3000000000000003)",0.03087082363910864,2.3000000000000003
"[2.3000000000000003, 2.31)",0.03050736043726902,2.31
"[2.31, 2.32)",0.02981292135073436,2.32
"[2.32, 2.33)",0.02805337314282071,2.33
"[2.33, 2.34)",0.029250998688028162,2.34
"[2.34, 2.35)",0.02992711317918883,2.35
"[2.35, 2.36)",0.02889587399364978,2.36
"[2.36, 2.37)",0.028215638567542747,2.37
"[2.37, 2.38)",0.029432452893954717,2.38
"[2.38, 2.39)",0.030371309831107834,2.39
"[2.39, 2.4)",0.02968697170460009,2.4
"[2.4, 2.41)",0.029125418327993122,2.41
"[2.41, 2.42)",0.03011340740277674,2.42
"[2.42, 2.43)",0.029399458788445697,2.43
"[2.43, 2.44)",0.030528214011734948,2.44
"[2.44, 2.45)",0.02989943479353281,2.45
"[2.45, 2.46)",0.030175662316489382,2.46
"[2.46, 2.47)",0.03003083250891017,2.47
"[2.47, 2.48)",0.029152960218869244,2.48
"[2.48, 2.49)",0.028951469034504917,2.49
"[2.49, 2.5)",0.030265428822631908,2.5
"[2.5, 2.5100000000000002)",0.030410446235377666,2.5100000000000002
"[2.5100000000000002, 2.52)",0.028879865628974943,2.52
"[2.52, 2.5300000000000002)",0.029065188715986817,2.5300000000000002
"[2.5300000000000002, 2.54)",0.028770617633768696,2.54
"[2.54, 2.5500000000000003)",0.029499430326911744,2.5500000000000003
"[2.5500000000000003, 2.56)",0.0307500421108942,2.56
"[2.56, 2.57)",0.031402187116115116,2.57
"[2.57, 2.58)",0.028497584333681245,2.58
"[2.58, 2.59)",0.029586646673782677,2.59
"[2.59, 2.6)",0.028205548618782408,2.6
"[2.6, 2.61)",0.029401493514180546,2.61
"[2.61, 2.62)",0.027938612345872686,2.62
"[2.62, 2.63)",0.02931044954120018,2.63
"[2.63, 2.64)",0.02870872730944306,2.64
"[2.64, 2.65)",0.02866421753395902,2.65
"[2.65, 2.66)",0.030984516351028026,2.66
"[2.66, 2.67)",0.03049590609148336,2.67
"[2.67, 2.68)",0.02885147651207184,2.68
"[2.68, 2.69)",0.028791139661367707,2.69
"[2.69, 2.7)",0.02955771284041813,2.7
"[2.7, 2.71)",0.030341320076418005,2.71
"[2.71, 2.72)",0.0316173816514616,2.72
"[2.72, 2.73)",0.03090384491388086,2.73
"[2.73, 2.74)",0.029400803068740034,2.74
"[2.74, 2.75)",0.030887643096497622,2.75
"[2.75, 2.7600000000000002)",0.02954828268356083,2.7600000000000002
"[2.7600000000000002, 2.77)",0.030574690516157754,2.77
"[2.77, 2.7800000000000002)",0.030690003370218544,2.7800000000000002
"[2.7800000000000002, 2.79)",0.029116268636212004,2.79
"[2.79, 2.8000000000000003)",0.02987392245126928,2.8000000000000003
"[2.8000000000000003, 2.81)",0.030769236812752166,2.81
"[2.81, 2.82)",0.030641972822647086,2.82
"[2.82, 2.83)",0.0314622997137824,2.83
"[2.83, 2.84)",0.030354300813931936,2.84
"[2.84, 2.85)",0.030339876656150892,2.85
"[2.85, 2.86)",0.030406262479618782,2.86
"[2.86, 2.87)",0.030583681420265196,2.87
"[2.87, 2.88)",0.03256518272737973,2.88
"[2.88, 2.89)",0.03189743598037075,2.89
"[2.89, 2.9)",0.030308588025034514,2.9
"[2.9, 2.91)",0.030098618773472932,2.91
"[2.91, 2.92)",0.029172282308151543,2.92
"[2.92, 2.93)",0.030156586124207765,2.93
"[2.93, 2.94)",0.031099866418628382,2.94
"[2.94, 2.95)",0.02992663991809745,2.95
"[2.95, 2.96)",0.029394437125944913,2.96
"[2.96, 2.97)",0.03007417181877522,2.97
"[2.97, 2.98)",0.027598892582889032,2.98
"[2.98, 2.99)",0.02908492605250915,2.99
"[2.99, 3.0)",0.029204990706172607,3.0
"[3.0, 3.0100000000000002)",0.029368983452683593,3.0100000000000002
"[3.0100000000000002, 3.02)",0.02934017348853822,3.02
"[3.02, 3.0300000000000002)",0.029947396398893326,3.0300000000000002
"[3.0300000000000002, 3.04)",0.0303438001297,3.04
"[3.04, 3.0500000000000003)",0.029598718036173793,3.0500000000000003
"[3.0500000000000003, 3.06)",0.031047332163275456,3.06
"[3.06, 3.0700000000000003)",0.028849826461928192,3.0700000000000003
"[3.0700000000000003, 3.08)",0.029540490471722518,3.08
"[3.08, 3.09)",0.0313764794382609,3.09
"[3.09, 3.1)",0.02942455957224747,3.1
"[3.1, 3.11)",0.030993886557084117,3.11
"[3.11, 3.12)",0.0312743757643394,3.12
"[3.12, 3.13)",0.03037340069334172,3.13
"[3.13, 3.14)",0.02963182103469025,3.14
"[3.14, 3.15)",0.031169665147739386,3.15
"[3.15, 3.16)",0.028765240129069298,3.16
"[3.16, 3.17)",0.031200676280987664,3.17
"[3.17, 3.18)",0.03164496849456967,3.18
"[3.18, 3.19)",0.030692816842569907,3.19
"[3.19, 3.2)",0.03222573605832184,3.2
"[3.2, 3.21)",0.031076753340901174,3.21
"[3.21, 3.22)",0.030837782704469102,3.22
"[3.22, 3.23)",0.031209284326981526,3.23
"[3.23, 3.24)",0.029792674031476788,3.24
"[3.24, 3.25)",0.02951359932893213,3.25
"[3.25, 3.2600000000000002)",0.029742906918333204,3.2600000000000002
"[3.2600000000000002, 3.27)",0.030697696895695854,3.27
"[3.27, 3.2800000000000002)",0.02767476759295033,3.2800000000000002
"[3.2800000000000002, 3.29)",0.03018582349938944,3.29
"[3.29, 3.3000000000000003)",0.031060717599880678,3.3000000000000003
"[3.3000000000000003, 3.31)",0.028827280928275766,3.31
"[3.31, 3.3200000000000003)",0.029230626027983174,3.3200000000000003
"[3.3200000000000003, 3.33)",0.030779571728014245,3.33
"[3.33, 3.34)",0.030896966623226496,3.34
"[3.34, 3.35)",0.029294965775296868,3.35
"[3.35, 3.36)",0.030427388236577178,3.36
"[3.36, 3.37)",0.031069028326244197,3.37
"[3.37, 3.38)",0.02986163658281883,3.38
"[3.38, 3.39)",0.031279695992661644,3.39
"[3.39, 3.4)",0.029567254099252586,3.4
"[3.4, 3.41)",0.02739992006556749,3.41
"[3.41, 3.42)",0.030280514915171555,3.42
"[3.42, 3.43)",0.030033272292752513,3.43
"[3.43, 3.44)",0.029076758237714453,3.44
"[3.44, 3.45)",0.02995146408341681,3.45
"[3.45, 3.46)",0.029018253805456043,3.46
"[3.46, 3.47)",0.029096618711747967,3.47
"[3.47, 3.48)",0.029510626771951154,3.48
"[3.48, 3.49)",0.029503892954252087,3.49
"[3.49, 3.5)",0.02968797152926095,3.5
"[3.5, 3.5100000000000002)",0.029848052942718795,3.5100000000000002
"[3.5100000000000002, 3.52)",0.029235919810199552,3.52
"[3.52, 3.5300000000000002)",0.028927707221732112,3.5300000000000002
"[3.5300000000000002, 3.54)",0.029797792083946166,3.54
"[3.54, 3.5500000000000003)",0.030437551489489817,3.5500000000000003
"[3.5500000000000003, 3.56)",0.02965372501107649,3.56
"[3.56, 3.5700000000000003)",0.029768494355960413,3.5700000000000003
"[3.5700000000000003, 3.58)",0.030037032945986163,3.58
"[3.58, 3.59)",0.030431270134112714,3.59
"[3.59, 3.6)",0.029323218138594034,3.6
"[3.6, 3.61)",0.029719628323843127,3.61
"[3.61, 3.62)",0.027767953122869633,3.62
"[3.62, 3.63)",0.030280893809492348,3.63
"[3.63, 3.64)",0.030123392179020356,3.64
"[3.64, 3.65)",0.03067386556136868,3.65
"[3.65, 3.66)",0.02967354273336459,3.66
"[3.66, 3.67)",0.030769768199886603,3.67
"[3.67, 3.68)",0.029112223722117685,3.68
"[3.68, 3.69)",0.0300199229753286,3.69
"[3.69, 3.7)",0.027919119072152238,3.7
"[3.7, 3.71)",0.030228706598261903,3.71
"[3.71, 3.72)",0.030010324174686714,3.72
"[3.72, 3.73)",0.030282844683246955,3.73
"[3.73, 3.74)",0.030088796141608736,3.74
"[3.74, 3.75)",0.029745361830699864,3.75
"[3.75, 3.7600000000000002)",0.030019982081949573,3.7600000000000002
"[3.7600000000000002, 3.77)",0.03033135108282107,3.77
"[3.77, 3.7800000000000002)",0.029230596611759363,3.7800000000000002
"[3.7800000000000002, 3.79)",0.031097529853309977,3.79
"[3.79, 3.8000000000000003)",0.029977030036070215,3.8000000000000003
"[3.8000000000000003, 3.81)",0.032048061184718056,3.81
"[3.81, 3.8200000000000003)",0.030782728608214207,3.8200000000000003
"[3.8200000000000003, 3.83)",0.030095863281912282,3.83
"[3.83, 3.84)",0.03032431447354763,3.84
"[3.84, 3.85)",0.030266283889697033,3.85
"[3.85, 3.86)",0.02920490885189326,3.86
"[3.86, 3.87)",0.029164558023829928,3.87
"[3.87, 3.88)",0.030606062692957393,3.88
"[3.88, 3.89)",0.03129784819207299,3.89
"[3.89, 3.9)",0.030604815714648206,3.9
"[3.9, 3.91)",0.02919106544100109,3.91
"[3.91, 3.92)",0.029563680348466775,3.92
"[3.92, 3.93)",0.030988427126355047,3.93
"[3.93, 3.94)",0.02949325648650748,3.94
"[3.94, 3.95)",0.02952517217581463,3.95
"[3.95, 3.96)",0.029165040384531115,3.96
"[3.96, 3.97)",0.029291575682535976,3.97
"[3.97, 3.98)",0.030293738329712445,3.98
"[3.98, 3.99)",0.029068307410179236,3.99
"[3.99, 4.0)",0.03049136672915154,4.0
"[4.0, 4.01)",0.029364685663829257,4.01
"[4.01, 4.0200000000000005)",0.02959963014921751,4.0200000000000005
"[4.0200000000000005, 4.03)",0.028683716874569706,4.03
"[4.03, 4.04)",0.028881636906071102,4.04
"[4.04, 4.05)",0.028957549157607412,4.05
"[4.05, 4.0600000000000005)",0.029726512335903437,4.0600000000000005
"[4.0600000000000005, 4.07)",0.030267161631320465,4.07
"[4.07, 4.08)",0.02936896239144188,4.08
"[4.08, 4.09)",0.02856791139813055,4.09
"[4.09, 4.1)",0.029420885227969085,4.1
"[4.1, 4.11)",0.028356178970646417,4.11
"[4.11, 4.12)",0.02898383786038067,4.12
"[4.12, 4.13)",0.02924091497509053,4.13
"[4.13, 4.14)",0.02914010525359374,4.14
"[4.14, 4.15)",0.02899440571450956,4.15
"[4.15, 4.16)",0.028929903934711565,4.16
"[4.16, 4.17)",0.029164440200937513,4.17
"[4.17, 4.18)",0.028930881413063454,4.18
"[4.18, 4.19)",0.028773823906449763,4.19
"[4.19, 4.2)",0.030173966898004285,4.2
"[4.2, 4.21)",0.02943019097134442,4.21
"[4.21, 4.22)",0.02862128049594271,4.22
"[4.22, 4.23)",0.029090147489612746,4.23
"[4.23, 4.24)",0.029993566626002482,4.24
"[4.24, 4.25)",0.02803432706130469,4.25
"[4.25, 4.26)",0.02797362941789874,4.26
"[4.26, 4.2700000000000005)",0.02980815997790702,4.2700000000000005
"[4.2700000000000005, 4.28)",0.0294365418908212,4.28
"[4.28, 4.29)",0.02915579632508758,4.29
"[4.29, 4.3)",0.028551215218101438,4.3
"[4.3, 4.3100000000000005)",0.03138957961627957,4.3100000000000005
"[4.3100000000000005, 4.32)",0.029098179692671172,4.32
"[4.32, 4.33)",0.03000625451065515,4.33
"[4.33, 4.34)",0.02885944064441693,4.34
"[4.34, 4.3500000000000005)",0.02831378864623241,4.3500000000000005
"[4.3500000000000005, 4.36)",0.029022991859666364,4.36
"[4.36, 4.37)",0.0302382745162342,4.37
"[4.37, 4.38)",0.030020723197973425,4.38
"[4.38, 4.39)",0.02904443219909395,4.39
"[4.39, 4.4)",0.029525468565605246,4.4
"[4.4, 4.41)",0.02938942366086499,4.41
"[4.41, 4.42)",0.02817171373888707,4.42
"[4.42, 4.43)",0.028516475984496924,4.43
"[4.43, 4.44)",0.029746367108001236,4.44
"[4.44, 4.45)",0.030500140740666044,4.45
"[4.45, 4.46)",0.028833919909831,4.46
"[4.46, 4.47)",0.02995109031510485,4.47
"[4.47, 4.48)",0.02923927820138703,4.48
"[4.48, 4.49)",0.028185201457774103,4.49
"[4.49, 4.5)",0.030111074289041275,4.5
"[4.5, 4.51)",0.03002055798160305,4.51
"[4.51, 4.5200000000000005)",0.03021478988723464,4.5200000000000005
"[4.5200000000000005, 4.53)",0.029742048604502646,4.53
"[4.53, 4.54)",0.030397999390169815,4.54
"[4.54, 4.55)",0.02957725436495531,4.55
"[4.55, 4.5600000000000005)",0.028739519601914704,4.5600000000000005
"[4.5600000000000005, 4.57)",0.02829985026309312,4.57
"[4.57, 4.58)",0.029715017837932015,4.58
"[4.58, 4.59)",0.030872837147955082,4.59
"[4.59, 4.6000000000000005)",0.02925482263539816,4.6000000000000005
"[4.6000000000000005, 4.61)",0.02932747441160375,4.61
"[4.61, 4.62)",0.030065643316165933,4.62
"[4.62, 4.63)",0.027829378892365454,4.63
"[4.63, 4.64)",0.031270813460666826,4.64
"[4.64, 4.65)",0.029818320415787684,4.65
"[4.65, 4.66)",0.030938072785892657,4.66
"[4.66, 4.67)",0.03052356295534465,4.67
"[4.67, 4.68)",0.03015154500208713,4.68
"[4.68, 4.69)",0.029089059194779367,4.69
"[4.69, 4.7)",0.02825341860162665,4.7
"[4.7, 4.71)",0.02946710092301686,4.71
"[4.71, 4.72)",0.030213990840458543,4.72
"[4.72, 4.73)",0.029127488791197483,4.73
"[4.73, 4.74)",0.028927298770059076,4.74
"[4.74, 4.75)",0.029496276025920098,4.75
"[4.75, 4.76)",0.029371955345576062,4.76
"[4.76, 4.7700000000000005)",0.029437405573476863,4.7700000000000005
"[4.7700000000000005, 4.78)",0.028814316027320756,4.78
"[4.78, 4.79)",0.030810495616832297,4.79
"[4.79, 4.8)",0.030346835095021955,4.8
"[4.8, 4.8100000000000005)",0.02917914598151959,4.8100000000000005
"[4.8100000000000005, 4.82)",0.02912261578233674,4.82
"[4.82, 4.83)",0.02903637281921649,4.83
"[4.83, 4.84)",0.02879921374415025,4.84
"[4.84, 4.8500000000000005)",0.031297152403245446,4.8500000000000005
"[4.8500000000000005, 4.86)",0.030858917260285133,4.86
"[4.86, 4.87)",0.03058998060765793,4.87
"[4.87, 4.88)",0.031357303618843944,4.88
"[4.88, 4.89)",0.029239297107458696,4.89
"[4.89, 4.9)",0.029817459006234302,4.9
"[4.9, 4.91)",0.03000283569293156,4.91
"[4.91, 4.92)",0.029229372791750648,4.92
"[4.92, 4.93)",0.030827299476866705,4.93
"[4.93, 4.94)",0.030139897885506774,4.94
"[4.94, 4.95)",0.02932939308303691,4.95
"[4.95, 4.96)",0.030646485327938507,4.96
"[4.96, 4.97)",0.029206556124903978,4.97
"[4.97, 4.98)",0.029583952300568164,4.98
"[4.98, 4.99)",0.03046856253167218,4.99
"[4.99, 5.0)",0.029447475558089263,5.0
"[5.0, 5.01)",0.028609977620312976,5.01
"[5.01, 5.0200000000000005)",0.02867408999386439,5.0200000000000005
"[5.0200000000000005, 5.03)",0.030996595434517427,5.03
"[5.03, 5.04)",0.02913010242338515,5.04
"[5.04, 5.05)",0.027607548938351916,5.05
"[5.05, 5.0600000000000005)",0.02954981569705742,5.0600000000000005
"[5.0600000000000005, 5.07)",0.029409914069491377,5.07
"[5.07, 5.08)",0.028374854340056984,5.08
"[5.08, 5.09)",0.03081568529342691,5.09
"[5.09, 5.1000000000000005)",0.031069906667166105,5.1000000000000005
"[5.1000000000000005, 5.11)",0.03068632102336498,5.11
"[5.11, 5.12)",0.03200849552938938,5.12
"[5.12, 5.13)",0.030616288703456725,5.13
"[5.13, 5.14)",0.030549265229914406,5.14
"[5.14, 5.15)",0.03010414529750677,5.15
"[5.15, 5.16)",0.030179499570708205,5.16
"[5.16, 5.17)",0.029122908442700813,5.17
"[5.17, 5.18)",0.02933735115268715,5.18
"[5.18, 5.19)",0.030153407528446773,5.19
"[5.19, 5.2)",0.02993317610482922,5.2
"[5.2, 5.21)",0.029905312180308032,5.21
"[5.21, 5.22)",0.02899075300111516,5.22
"[5.22, 5.23)",0.029136580682226056,5.23
"[5.23, 5.24)",0.031116169298461324,5.24
"[5.24, 5.25)",0.030063172082057287,5.25
"[5.25, 5.26)",0.029007778379141032,5.26
"[5.26, 5.2700000000000005)",0.029961924376966858,5.2700000000000005
"[5.2700000000000005, 5.28)",0.02984195001236651,5.28
"[5.28, 5.29)",0.030990271913586276,5.29
"[5.29, 5.3)",0.030289466194527756,5.3
"[5.3, 5.3100000000000005)",0.028476915086876907,5.3100000000000005
"[5.3100000000000005, 5.32)",0.031295510760985176,5.32
"[5.32, 5.33)",0.029706953530204215,5.33
"[5.33, 5.34)",0.0293454464687232,5.34
"[5.34, 5.3500000000000005)",0.028728840529376135,5.3500000000000005
"[5.3500000000000005, 5.36)",0.03133168944033191,5.36
"[5.36, 5.37)",0.029282667416651652,5.37
"[5.37, 5.38)",0.02947418364574508,5.38
"[5.38, 5.39)",0.02876794605543819,5.39
"[5.39, 5.4)",0.02860395839533662,5.4
"[5.4, 5.41)",0.028270145046183113,5.41
"[5.41, 5.42)",0.029927494361233452,5.42
"[5.42, 5.43)",0.030179647417466024,5.43
"[5.43, 5.44)",0.028679640301030037,5.44
"[5.44, 5.45)",0.029424024150882407,5.45
"[5.45, 5.46)",0.03019046719487348,5.46
"[5.46, 5.47)",0.03201027135454289,5.47
"[5.47, 5.48)",0.029915730986281818,5.48
"[5.48, 5.49)",0.029198231221369414,5.49
"[5.49, 5.5)",0.03127633524987779,5.5
"[5.5, 5.51)",0.032024597446360846,5.51
"[5.51, 5.5200000000000005)",0.032913188253420295,5.5200000000000005
"[5.5200000000000005, 5.53)",0.030748258085853943,5.53
"[5.53, 5.54)",0.032023090969556106,5.54
"[5.54, 5.55)",0.03177392825081588,5.55
"[5.55, 5.5600000000000005)",0.03131871188908012,5.5600000000000005
"[5.5600000000000005, 5.57)",0.029813458278578515,5.57
"[5.57, 5.58)",0.03080023619702854,5.58
"[5.58, 5.59)",0.031989060133861165,5.59
"[5.59, 5.6000000000000005)",0.03106421532107872,5.6000000000000005
"[5.6000000000000005, 5.61)",0.032681901801999584,5.61
"[5.61, 5.62)",0.03170037597380304,5.62
"[5.62, 5.63)",0.02984219146811592,5.63
"[5.63, 5.64)",0.03167233571699126,5.64
"[5.64, 5.65)",0.03269082770530892,5.65
"[5.65, 5.66)",0.031610051660862754,5.66
"[5.66, 5.67)",0.031239799790815054,5.67
"[5.67, 5.68)",0.03450383123802161,5.68
"[5.68, 5.69)",0.032776030541969994,5.69
"[5.69, 5.7)",0.03204026458170498,5.7
"[5.7, 5.71)",0.029897238888367882,5.71
"[5.71, 5.72)",0.03303370515072287,5.72
"[5.72, 5.73)",0.03307530313449916,5.73
"[5.73, 5.74)",0.03298370944181733,5.74
"[5.74, 5.75)",0.031823516327846614,5.75
"[5.75, 5.76)",0.0323316308941378,5.76
"[5.76, 5.7700000000000005)",0.033297922486149566,5.7700000000000005
"[5.7700000000000005, 5.78)",0.033748602057682014,5.78
"[5.78, 5.79)",0.033502118768251474,5.79
"[5.79, 5.8)",0.03543523390118736,5.8
"[5.8, 5.8100000000000005)",0.03407434325491542,5.8100000000000005
"[5.8100000000000005, 5.82)",0.0305542336279085,5.82
"[5.82, 5.83)",0.0308247256526862,5.83
"[5.83, 5.84)",0.0318787906405256,5.84
"[5.84, 5.8500000000000005)",0.03207273505004991,5.8500000000000005
"[5.8500000000000005, 5.86)",0.0324813381262536,5.86
"[5.86, 5.87)",0.034385409532744785,5.87
"[5.87, 5.88)",0.03258218365009015,5.88
"[5.88, 5.89)",0.030686006307071655,5.89
"[5.89, 5.9)",0.03377346237888038,5.9
"[5.9, 5.91)",0.03089816674345419,5.91
"[5.91, 5.92)",0.030724411313122417,5.92
"[5.92, 5.93)",0.03139000093627881,5.93
"[5.93, 5.94)",0.030277382262887304,5.94
"[5.94, 5.95)",0.031429789546609715,5.95
"[5.95, 5.96)",0.032590382475707724,5.96
"[5.96, 5.97)",0.031414927404549875,5.97
"[5.97, 5.98)",0.030649979453017333,5.98
"[5.98, 5.99)",0.03191444920435706,5.99
"[5.99, 6.0)",0.03232667123447241,6.0
"[6.0, 6.01)",0.03300449903583523,6.01
"[6.01, 6.0200000000000005)",0.03223894063906151,6.0200000000000005
"[6.0200000000000005, 6.03)",0.033126057227666955,6.03
"[6.03, 6.04)",0.032890396972513926,6.04
"[6.04, 6.05)",0.0341197878432445,6.05
"[6.05, 6.0600000000000005)",0.03237648317418967,6.0600000000000005
"[6.0600000000000005, 6.07)",0.03479562465666422,6.07
"[6.07, 6.08)",0.03262804757330008,6.08
"[6.08, 6.09)",0.03237113447207486,6.09
"[6.09, 6.1000000000000005)",0.03227582240254265,6.1000000000000005
"[6.1000000000000005, 6.11)",0.033714674827846944,6.11
"[6.11, 6.12)",0.03238135330869364,6.12
"[6.12, 6.13)",0.03299450519972597,6.13
"[6.13, 6.140000000000001)",0.032085537992742504,6.140000000000001
"[6.140000000000001, 6.15)",0.031385365839114394,6.15
"[6.15, 6.16)",0.03301947626815106,6.16
"[6.16, 6.17)",0.03209053652822445,6.17
"[6.17, 6.18)",0.031306035655950026,6.18
"[6.18, 6.19)",0.032968756693828476,6.19
"[6.19, 6.2)",0.030617886150031522,6.2
"[6.2, 6.21)",0.031749486696679714,6.21
"[6.21, 6.22)",0.03210970923070667,6.22
"[6.22, 6.23)",0.03229922498039246,6.23
"[6.23, 6.24)",0.03283449103817866,6.24
"[6.24, 6.25)",0.030476308174385583,6.25
"[6.25, 6.26)",0.03195835501071863,6.26
"[6.26, 6.2700000000000005)",0.03309162130370468,6.2700000000000005
"[6.2700000000000005, 6.28)",0.03312135110391564,6.28
"[6.28, 6.29)",0.03259567990418205,6.29
"[6.29, 6.3)",0.033642954958529946,6.3
"[6.3, 6.3100000000000005)",0.033233143041845006,6.3100000000000005
"[6.3100000000000005, 6.32)",0.03247493654901011,6.32
"[6.32, 6.33)",0.033092761008827895,6.33
"[6.33, 6.34)",0.03136088343502881,6.34
"[6.34, 6.3500000000000005)",0.031581764295025155,6.3500000000000005
"[6.3500000000000005, 6.36)",0.033110693792418405,6.36
"[6.36, 6.37)",0.03398295853844038,6.37
"[6.37, 6.38)",0.03344569158151874,6.38
"[6.38, 6.390000000000001)",0.032107411644857094,6.390000000000001
"[6.390000000000001, 6.4)",0.03137844750099071,6.4
"[6.4, 6.41)",0.029859252344375583,6.41
"[6.41, 6.42)",0.03122868686370998,6.42
"[6.42, 6.43)",0.032241439193000654,6.43
"[6.43, 6.44)",0.03326000629992148,6.44
"[6.44, 6.45)",0.032481955630639124,6.45
"[6.45, 6.46)",0.034270968046308,6.46
"[6.46, 6.47)",0.030384998553618148,6.47
"[6.47, 6.48)",0.03389728997748696,6.48
"[6.48, 6.49)",0.03119283813223007,6.49
"[6.49, 6.5)",0.03278751813153035,6.5
"[6.5, 6.51)",0.033582172829685245,6.51
"[6.51, 6.5200000000000005)",0.03130643913302424,6.5200000000000005
"[6.5200000000000005, 6.53)",0.03232056988245708,6.53
"[6.53, 6.54)",0.03148109953350751,6.54
"[6.54, 6.55)",0.031662582704057356,6.55
"[6.55, 6.5600000000000005)",0.03274338187173983,6.5600000000000005
"[6.5600000000000005, 6.57)",0.03166702704305252,6.57
"[6.57, 6.58)",0.030430154635968355,6.58
"[6.58, 6.59)",0.032049866865012974,6.59
"[6.59, 6.6000000000000005)",0.03403764757184206,6.6000000000000005
"[6.6000000000000005, 6.61)",0.034644640545759685,6.61
"[6.61, 6.62)",0.034179088402599984,6.62
"[6.62, 6.63)",0.03500438730263303,6.63
"[6.63, 6.640000000000001)",0.036762466070226776,6.640000000000001
"[6.640000000000001, 6.65)",0.03506328516625481,6.65
"[6.65, 6.66)",0.032461771609725534,6.66
"[6.66, 6.67)",0.03390705497692192,6.67
"[6.67, 6.68)",0.033973145229411666,6.68
"[6.68, 6.69)",0.034550452964709974,6.69
"[6.69, 6.7)",0.0359671277241126,6.7
"[6.7, 6.71)",0.03534222104608408,6.71
"[6.71, 6.72)",0.03575533455872663,6.72
"[6.72, 6.73)",0.04042391264586967,6.73
"[6.73, 6.74)",0.03509908544662121,6.74
"[6.74, 6.75)",0.03106757790978051,6.75
"[6.75, 6.76)",0.0316988234422382,6.76
"[6.76, 6.7700000000000005)",0.03174283674274416,6.7700000000000005
"[6.7700000000000005, 6.78)",0.030140020182865226,6.78
"[6.78, 6.79)",0.029195532707069875,6.79
"[6.79, 6.8)",0.03096009322880076,6.8
"[6.8, 6.8100000000000005)",0.03159463362509079,6.8100000000000005
"[6.8100000000000005, 6.82)",0.03123849156781112,6.82
"[6.82, 6.83)",0.031073637978661334,6.83
"[6.83, 6.84)",0.03012634785835848,6.84
"[6.84, 6.8500000000000005)",0.03102959909289456,6.8500000000000005
"[6.8500000000000005, 6.86)",0.034055249568987915,6.86
"[6.86, 6.87)",0.03445302284487048,6.87
"[6.87, 6.88)",0.03434089667404158,6.88
"[6.88, 6.890000000000001)",0.03313497695245527,6.890000000000001
"[6.890000000000001, 6.9)",0.03240548656515414,6.9
"[6.9, 6.91)",0.03174009158422986,6.91
"[6.91, 6.92)",0.03265225999428126,6.92
"[6.92, 6.93)",0.03290098098853679,6.93
"[6.93, 6.94)",0.030076620038957863,6.94
"[6.94, 6.95)",0.031319826748691305,6.95
"[6.95, 6.96)",0.030819187897460645,6.96
"[6.96, 6.97)",0.031330033321634546,6.97
"[6.97, 6.98)",0.034209373611533554,6.98
"[6.98, 6.99)",0.03315123395671129,6.99
"[6.99, 7.0)",0.03343942442533166,7.0
"[7.0, 7.01)",0.03305798352539812,7.01
"[7.01, 7.0200000000000005)",0.033078964734984895,7.0200000000000005
"[7.0200000000000005, 7.03)",0.03314602216393786,7.03
"[7.03, 7.04)",0.03060291000231953,7.04
"[7.04, 7.05)",0.033824467706660144,7.05
"[7.05, 7.0600000000000005)",0.03144653071641224,7.0600000000000005
"[7.0600000000000005, 7.07)",0.030470495058861045,7.07
"[7.07, 7.08)",0.0339898282746405,7.08
"[7.08, 7.09)",0.034003515067915484,7.09
"[7.09, 7.1000000000000005)",0.03556420427384299,7.1000000000000005
"[7.1000000000000005, 7.11)",0.03062273891339624,7.11
"[7.11, 7.12)",0.030732545089869376,7.12
"[7.12, 7.13)",0.03074264163584688,7.13
"[7.13, 7.140000000000001)",0.030768070365528304,7.140000000000001
"[7.140000000000001, 7.15)",0.03183973952832719,7.15
"[7.15, 7.16)",0.03164650856481537,7.16
"[7.16, 7.17)",0.030622425499183148,7.17
"[7.17, 7.18)",0.03186110485081652,7.18
"[7.18, 7.19)",0.032599389923378616,7.19
"[7.19, 7.2)",0.03236241671052554,7.2
"[7.2, 7.21)",0.030192702353391363,7.21
"[7.21, 7.22)",0.03078677162831377,7.22
"[7.22, 7.23)",0.03218922890265954,7.23
"[7.23, 7.24)",0.030147024064724044,7.24
"[7.24, 7.25)",0.031944900246938183,7.25
"[7.25, 7.26)",0.030700968761078987,7.26
"[7.26, 7.2700000000000005)",0.02924948242897816,7.2700000000000005
"[7.2700000000000005, 7.28)",0.031174878890164518,7.28
"[7.28, 7.29)",0.03173789414491272,7.29
"[7.29, 7.3)",0.02938838582745447,7.3
"[7.3, 7.3100000000000005)",0.02954897952211046,7.3100000000000005
"[7.3100000000000005, 7.32)",0.028973980345168005,7.32
"[7.32, 7.33)",0.029464978059394503,7.33
"[7.33, 7.34)",0.028061589143799342,7.34
"[7.34, 7.3500000000000005)",0.027875699342880353,7.3500000000000005
"[7.3500000000000005, 7.36)",0.028945636652601945,7.36
"[7.36, 7.37)",0.028962357413455063,7.37
"[7.37, 7.38)",0.031020719900518634,7.38
"[7.38, 7.390000000000001)",0.030267967215653425,7.390000000000001
"[7.390000000000001, 7.4)",0.031023741511272088,7.4
"[7.4, 7.41)",0.02994754403853518,7.41
"[7.41, 7.42)",0.03155594698715823,7.42
"[7.42, 7.43)",0.030659088000583052,7.43
"[7.43, 7.44)",0.028271118035198616,7.44
"[7.44, 7.45)",0.030703815674197783,7.45
"[7.45, 7.46)",0.028677150120961416,7.46
"[7.46, 7.47)",0.031230217527803666,7.47
"[7.47, 7.48)",0.029234701658381407,7.48
"[7.48, 7.49)",0.030076573027991663,7.49
"[7.49, 7.5)",0.028605130364023682,7.5
"[7.5, 7.51)",0.02904869631421305,7.51
"[7.51, 7.5200000000000005)",0.02895619948263604,7.5200000000000005
"[7.5200000000000005, 7.53)",0.028413639275066377,7.53
"[7.53, 7.54)",0.029022360923916937,7.54
"[7.54, 7.55)",0.02870555356399788,7.55
"[7.55, 7.5600000000000005)",0.0298365977738134,7.5600000000000005
"[7.5600000000000005, 7.57)",0.029366146890052253,7.57
"[7.57, 7.58)",0.029712794336631265,7.58
"[7.58, 7.59)",0.029766601299233836,7.59
"[7.59, 7.6000000000000005)",0.032200629328466165,7.6000000000000005
"[7.6000000000000005, 7.61)",0.02898346121790248,7.61
"[7.61, 7.62)",0.02874890266197922,7.62
"[7.62, 7.63)",0.030860126772086476,7.63
"[7.63, 7.640000000000001)",0.029988490479186752,7.640000000000001
"[7.640000000000001, 7.65)",0.030284157044732963,7.65
"[7.65, 7.66)",0.030506311003621302,7.66
"[7.66, 7.67)",0.029074207979178507,7.67
"[7.67, 7.68)",0.030414706322358157,7.68
"[7.68, 7.69)",0.030845753568361618,7.69
"[7.69, 7.7)",0.029661514305799143,7.7
"[7.7, 7.71)",0.0290567241221005,7.71
"[7.71, 7.72)",0.02978676606733489,7.72
"[7.72, 7.73)",0.030670164846110806,7.73
"[7.73, 7.74)",0.030475306516447514,7.74
"[7.74, 7.75)",0.030378689197490566,7.75
"[7.75, 7.76)",0.029888919056991533,7.76
"[7.76, 7.7700000000000005)",0.028261389984342432,7.7700000000000005
"[7.7700000000000005, 7.78)",0.02973998599614813,7.78
"[7.78, 7.79)",0.030823707926412158,7.79
"[7.79, 7.8)",0.02976054948056219,7.8
"[7.8, 7.8100000000000005)",0.028247751738456978,7.8100000000000005
"[7.8100000000000005, 7.82)",0.029408507277038615,7.82
"[7.82, 7.83)",0.029901078139109007,7.83
"[7.83, 7.84)",0.030998788854843744,7.84
"[7.84, 7.8500000000000005)",0.02921487351741692,7.8500000000000005
"[7.8500000000000005, 7.86)",0.03036896125130277,7.86
"[7.86, 7.87)",0.030419649824929507,7.87
"[7.87, 7.88)",0.030573553002215488,7.88
"[7.88, 7.890000000000001)",0.03313990006099088,7.890000000000001
"[7.890000000000001, 7.9)",0.03153190715869627,7.9
"[7.9, 7.91)",0.030903807169560853,7.91
"[7.91, 7.92)",0.031330692318345676,7.92
"[7.92, 7.930000000000001)",0.030236718411936293,7.930000000000001
"[7.930000000000001, 7.94)",0.03142594304498706,7.94
"[7.94, 7.95)",0.030421466013069026,7.95
"[7.95, 7.96)",0.03041195448545124,7.96
"[7.96, 7.97)",0.02952024747039526,7.97
"[7.97, 7.98)",0.030392658116267443,7.98
"[7.98, 7.99)",0.030387266713601157,7.99
"[7.99, 8.0)",0.02941892911918706,8.0
"[8.0, 8.01)",0.029835615925247697,8.01
"[8.01, 8.02)",0.029500705332596966,8.02
"[8.02, 8.03)",0.02981697574630052,8.03
"[8.03, 8.040000000000001)",0.031167704434533445,8.040000000000001
"[8.040000000000001, 8.05)",0.031167600556139673,8.05
"[8.05, 8.06)",0.031506187373623644,8.06
"[8.06, 8.07)",0.028441683124760055,8.07
"[8.07, 8.08)",0.029519880532992798,8.08
"[8.08, 8.09)",0.028484739023458508,8.09
"[8.09, 8.1)",0.02892374583036427,8.1
"[8.1, 8.11)",0.029896394126556147,8.11
"[8.11, 8.120000000000001)",0.029550648458690876,8.120000000000001
"[8.120000000000001, 8.13)",0.02930201893504532,8.13
"[8.13, 8.14)",0.0292657485277676,8.14
"[8.14, 8.15)",0.028658255852115493,8.15
"[8.15, 8.16)",0.02861536428607195,8.16
"[8.16, 8.17)",0.030653365631552406,8.17
"[8.17, 8.18)",0.02841560116885406,8.18
"[8.18, 8.19)",0.030651446224023295,8.19
"[8.19, 8.2)",0.028397664542999298,8.2
"[8.2, 8.21)",0.02994381840198264,8.21
"[8.21, 8.22)",0.027963299489936762,8.22
"[8.22, 8.23)",0.029497064428307417,8.23
"[8.23, 8.24)",0.02996944244743041,8.24
"[8.24, 8.25)",0.032250314361551895,8.25
"[8.25, 8.26)",0.03045960941889019,8.26
"[8.26, 8.27)",0.029673761172742355,8.27
"[8.27, 8.28)",0.03199095567614378,8.28
"[8.28, 8.290000000000001)",0.02923732672036254,8.290000000000001
"[8.290000000000001, 8.3)",0.029033916988450426,8.3
"[8.3, 8.31)",0.031044451416073558,8.31
"[8.31, 8.32)",0.030793481350337118,8.32
"[8.32, 8.33)",0.029090284179881163,8.33
"[8.33, 8.34)",0.03019286420264132,8.34
"[8.34, 8.35)",0.029356703794313772,8.35
"[8.35, 8.36)",0.028033409475890066,8.36
"[8.36, 8.370000000000001)",0.03256957702921481,8.370000000000001
"[8.370000000000001, 8.38)",0.030543027448935445,8.38
"[8.38, 8.39)",0.029823335735974576,8.39
"[8.39, 8.4)",0.029465074341846812,8.4
"[8.4, 8.41)",0.029742565099674868,8.41
"[8.41, 8.42)",0.030544860704982198,8.42
"[8.42, 8.43)",0.03013053578179688,8.43
"[8.43, 8.44)",0.028994605414213923,8.44
"[8.44, 8.45)",0.03023964365757101,8.45
"[8.45, 8.46)",0.030209520723675717,8.46
"[8.46, 8.47)",0.029659716920884448,8.47
"[8.47, 8.48)",0.02672144890623973,8.48
"[8.48, 8.49)",0.028626054068901605,8.49
"[8.49, 8.5)",0.029566498445866177,8.5
"[8.5, 8.51)",0.0288756679408789,8.51
"[8.51, 8.52)",0.029742205725664793,8.52
"[8.52, 8.53)",0.0297768705262699,8.53
"[8.53, 8.540000000000001)",0.028868177596513583,8.540000000000001
"[8.540000000000001, 8.55)",0.031865548994101434,8.55
"[8.55, 8.56)",0.029596929851108414,8.56
"[8.56, 8.57)",0.027516089495112767,8.57
"[8.57, 8.58)",0.031959782330624326,8.58
"[8.58, 8.59)",0.02980366978592077,8.59
"[8.59, 8.6)",0.029714297850426088,8.6
"[8.6, 8.61)",0.027132741057467887,8.61
"[8.61, 8.620000000000001)",0.030305493401700915,8.620000000000001
"[8.620000000000001, 8.63)",0.028814420025430894,8.63
"[8.63, 8.64)",0.028092887830074444,8.64
"[8.64, 8.65)",0.029714321458303123,8.65
"[8.65, 8.66)",0.029442168699131598,8.66
"[8.66, 8.67)",0.030771809381952266,8.67
"[8.67, 8.68)",0.03158254003966411,8.68
"[8.68, 8.69)",0.028686822922996423,8.69
"[8.69, 8.700000000000001)",0.029929513688361494,8.700000000000001
"[8.700000000000001, 8.71)",0.030823610773674924,8.71
"[8.71, 8.72)",0.028698801541296948,8.72
"[8.72, 8.73)",0.02736844341301547,8.73
"[8.73, 8.74)",0.028121074877181077,8.74
"[8.74, 8.75)",0.02989056905385969,8.75
"[8.75, 8.76)",0.029892268151145415,8.76
"[8.76, 8.77)",0.028179221805732627,8.77
"[8.77, 8.78)",0.030565093479349374,8.78
"[8.78, 8.790000000000001)",0.029486458077462686,8.790000000000001
"[8.790000000000001, 8.8)",0.030736194581176744,8.8
"[8.8, 8.81)",0.02965749051120939,8.81
"[8.81, 8.82)",0.031521981484089245,8.82
"[8.82, 8.83)",0.032744598662892914,8.83
"[8.83, 8.84)",0.030733984946889715,8.84
"[8.84, 8.85)",0.031364323368059596,8.85
"[8.85, 8.86)",0.03139916473689729,8.86
"[8.86, 8.870000000000001)",0.03218548643579301,8.870000000000001
"[8.870000000000001, 8.88)",0.027699571845683398,8.88
"[8.88, 8.89)",0.030254918121606356,8.89
"[8.89, 8.9)",0.03020014754604229,8.9
"[8.9, 8.91)",0.027197344887998545,8.91
"[8.91, 8.92)",0.02926940284060652,8.92
"[8.92, 8.93)",0.03087131035444698,8.93
"[8.93, 8.94)",0.028122531992452595,8.94
"[8.94, 8.950000000000001)",0.028513253720236248,8.950000000000001
"[8.950000000000001, 8.96)",0.03137900474559932,8.96
"[8.96, 8.97)",0.029595594192112676,8.97
"[8.97, 8.98)",0.030882115733278603,8.98
"[8.98, 8.99)",0.0331346431439156,8.99
"[8.99, 9.0)",0.02999403059344305,9.0
"[9.0, 9.01)",0.030499994144353053,9.01
"[9.01, 9.02)",0.030719740362361973,9.02
"[9.02, 9.03)",0.031889729051780856,9.03
"[9.03, 9.040000000000001)",0.027980422971317028,9.040000000000001
"[9.040000000000001, 9.05)",0.03252020280630087,9.05
"[9.05, 9.06)",0.030026010367620353,9.06
"[9.06, 9.07)",0.028775190749302047,9.07
"[9.07, 9.08)",0.03027752113630179,9.08
"[9.08, 9.09)",0.030561069607149237,9.09
"[9.09, 9.1)",0.03159034925928934,9.1
"[9.1, 9.11)",0.030783810261552257,9.11
"[9.11, 9.120000000000001)",0.03065249317096373,9.120000000000001
"[9.120000000000001, 9.13)",0.031569281415101444,9.13
"[9.13, 9.14)",0.03366043423522203,9.14
"[9.14, 9.15)",0.03152569059832486,9.15
"[9.15, 9.16)",0.030151797419821064,9.16
"[9.16, 9.17)",0.02806145821341565,9.17
"[9.17, 9.18)",0.03014321714768445,9.18
"[9.18, 9.19)",0.02896860165235319,9.19
"[9.19, 9.200000000000001)",0.029751444003239275,9.200000000000001
"[9.200000000000001, 9.21)",0.03207220852576617,9.21
"[9.21, 9.22)",0.033676336107847545,9.22
"[9.22, 9.23)",0.03065385643210263,9.23
"[9.23, 9.24)",0.02621161557946322,9.24
"[9.24, 9.25)",0.02860286533446835,9.25
"[9.25, 9.26)",0.03004934540173978,9.26
"[9.26, 9.27)",0.031054834139214543,9.27
"[9.27, 9.28)",0.03000393442529769,9.28
"[9.28, 9.290000000000001)",0.02750238282706117,9.290000000000001
"[9.290000000000001, 9.3)",0.030169192182452252,9.3
"[9.3, 9.31)",0.03249906917150831,9.31
"[9.31, 9.32)",0.03126880236469269,9.32
"[9.32, 9.33)",0.03395565462072624,9.33
"[9.33, 9.34)",0.03310137278000204,9.34
"[9.34, 9.35)",0.03219085110663717,9.35
"[9.35, 9.36)",0.030462157053675575,9.36
"[9.36, 9.370000000000001)",0.0310146673475066,9.370000000000001
"[9.370000000000001, 9.38)",0.029904192041736027,9.38
"[9.38, 9.39)",0.02913683827990359,9.39
"[9.39, 9.4)",0.029154336506313785,9.4
"[9.4, 9.41)",0.030036720577957872,9.41
"[9.41, 9.42)",0.02788974600652302,9.42
"[9.42, 9.43)",0.030452809756885975,9.43
"[9.43, 9.44)",0.03388894165512866,9.44
"[9.44, 9.450000000000001)",0.033361687226740544,9.450000000000001
"[9.450000000000001, 9.46)",0.03201647924583371,9.46
"[9.46, 9.47)",0.03165527142745808,9.47
"[9.47, 9.48)",0.03528239366492876,9.48
"[9.48, 9.49)",0.0333822508162553,9.49
"[9.49, 9.5)",0.030952040605393083,9.5
"[9.5, 9.51)",0.03167269810928065,9.51
"[9.51, 9.52)",0.033997531953809355,9.52
"[9.52, 9.53)",0.03203652047664441,9.53
"[9.53, 9.540000000000001)",0.03211686546368429,9.540000000000001
"[9.540000000000001, 9.55)",0.029874751713511515,9.55
"[9.55, 9.56)",0.031837451389285905,9.56
"[9.56, 9.57)",0.032372373307345756,9.57
"[9.57, 9.58)",0.030155753449728637,9.58
"[9.58, 9.59)",0.030826922710774484,9.59
"[9.59, 9.6)",0.03269421610076414,9.6
"[9.6, 9.61)",0.03182385193084602,9.61
"[9.61, 9.620000000000001)",0.03494080275922525,9.620000000000001
"[9.620000000000001, 9.63)",0.03293677580952003,9.63
"[9.63, 9.64)",0.031337139607802086,9.64
"[9.64, 9.65)",0.03054454405451192,9.65
"[9.65, 9.66)",0.029547138170814842,9.66
"[9.66, 9.67)",0.03146733289966116,9.67
"[9.67, 9.68)",0.03308416859159301,9.68
"[9.68, 9.69)",0.030413415730784734,9.69
"[9.69, 9.700000000000001)",0.02998617069016964,9.700000000000001
"[9.700000000000001, 9.71)",0.03142436594011663,9.71
"[9.71, 9.72)",0.029655202495806093,9.72
"[9.72, 9.73)",0.029664338799741084,9.73
"[9.73, 9.74)",0.029424279140877314,9.74
"[9.74, 9.75)",0.029392686198434093,9.75
"[9.75, 9.76)",0.02975890812612616,9.76
"[9.76, 9.77)",0.03160800178756426,9.77
"[9.77, 9.78)",0.029738812079112206,9.78
"[9.78, 9.790000000000001)",0.03046643508927452,9.790000000000001
"[9.790000000000001, 9.8)",0.03358717136865291,9.8
"[9.8, 9.81)",0.03184856373221288,9.81
"[9.81, 9.82)",0.031130385651129636,9.82
"[9.82, 9.83)",0.034222122784503727,9.83
"[9.83, 9.84)",0.033075298885703534,9.84
"[9.84, 9.85)",0.029698468671230743,9.85
"[9.85, 9.86)",0.03202762039342994,9.86
"[9.86, 9.870000000000001)",0.030097597290616333,9.870000000000001
"[9.870000000000001, 9.88)",0.0315862574004438,9.88
"[9.88, 9.89)",0.03080655161560918,9.89
"[9.89, 9.9)",0.032114520329549714,9.9
"[9.9, 9.91)",0.029735918735363697,9.91
"[9.91, 9.92)",0.032262693003704865,9.92
"[9.92, 9.93)",0.0336199404546154,9.93
"[9.93, 9.94)",0.02967565416868179,9.94
"[9.94, 9.950000000000001)",0.031109141295225327,9.950000000000001
"[9.950000000000001, 9.96)",0.03074996176419886,9.96
"[9.96, 9.97)",0.0307442672058516,9.97
"[9.97, 9.98)",0.031361074624744745,9.98
"[9.98, 9.99)",0.03392818292814018,9.99
"[9.99, 10.0)",0.0329713778574307,10.0
"[10.0, 10.01)",0.03454035643946449,10.01
"[10.01, 10.02)",0.032576121621777976,10.02
"[10.02, 10.03)",0.031527474513197484,10.03
"[10.03, 10.040000000000001)",0.03292594464773127,10.040000000000001
"[10.040000000000001, 10.05)",0.029713159403506113,10.05
"[10.05, 10.06)",0.02966738992887962,10.06
"[10.06, 10.07)",0.03369963646387093,10.07
"[10.07, 10.08)",0.02950449263297351,10.08
"[10.08, 10.09)",0.029844933209379962,10.09
"[10.09, 10.1)",0.030059963927114002,10.1
"[10.1, 10.11)",0.03185668743474905,10.11
"[10.11, 10.120000000000001)",0.0349698284143608,10.120000000000001
"[10.120000000000001, 10.13)",0.03401858948267698,10.13
"[10.13, 10.14)",0.03438398399640748,10.14
"[10.14, 10.15)",0.03600757570548537,10.15
"[10.15, 10.16)",0.03616987072083156,10.16
"[10.16, 10.17)",0.03304648171895999,10.17
"[10.17, 10.18)",0.0361474129433671,10.18
"[10.18, 10.19)",0.03196095353227925,10.19
"[10.19, 10.200000000000001)",0.036577921826474784,10.200000000000001
"[10.200000000000001, 10.21)",0.03430867911356582,10.21
"[10.21, 10.22)",0.03265456951857476,10.22
"[10.22, 10.23)",0.03503599333778648,10.23
"[10.23, 10.24)",0.03281096783890874,10.24
"[10.24, 10.25)",0.034752654794062435,10.25
"[10.25, 10.26)",0.03405600599526323,10.26
"[10.26, 10.27)",0.03566407568142717,10.27
"[10.27, 10.28)",0.03334421122188901,10.28
"[10.28, 10.290000000000001)",0.034417357398846445,10.290000000000001
"[10.290000000000001, 10.3)",0.03633080940725448,10.3
"[10.3, 10.31)",0.03630581970835597,10.31
"[10.31, 10.32)",0.029435773269857076,10.32
"[10.32, 10.33)",0.029977606922971745,10.33
"[10.33, 10.34)",0.0371306028746044,10.34
"[10.34, 10.35)",0.03510690527402518,10.35
"[10.35, 10.36)",0.03383959143893438,10.36
"[10.36, 10.370000000000001)",0.04021376518866821,10.370000000000001
"[10.370000000000001, 10.38)",0.03362508579706051,10.38
"[10.38, 10.39)",0.03416565059806286,10.39
"[10.39, 10.4)",0.02941459439938779,10.4
"[10.4, 10.41)",0.029570291245390266,10.41
"[10.41, 10.42)",0.03113204768781885,10.42
"[10.42, 10.43)",0.03201835170252692,10.43
"[10.43, 10.44)",0.030915821729385083,10.44
"[10.44, 10.450000000000001)",0.0320744317141271,10.450000000000001
"[10.450000000000001, 10.46)",0.03419585000617914,10.46
"[10.46, 10.47)",0.03632397201497273,10.47
"[10.47, 10.48)",0.03426942087533128,10.48
"[10.48, 10.49)",0.03843526805860276,10.49
"[10.49, 10.5)",0.03975553656526419,10.5
"[10.5, 10.51)",0.03613867592157949,10.51
"[10.51, 10.52)",0.03124524364379725,10.52
"[10.52, 10.53)",0.03383836759796654,10.53
"[10.53, 10.540000000000001)",0.03228849993481792,10.540000000000001
"[10.540000000000001, 10.55)",0.02967792387053718,10.55
"[10.55, 10.56)",0.03457112840996169,10.56
"[10.56, 10.57)",0.034123338327397064,10.57
"[10.57, 10.58)",0.03093172302891035,10.58
"[10.58, 10.59)",0.03473772828336601,10.59
"[10.59, 10.6)",0.033589859969944895,10.6
"[10.6, 10.61)",0.03265315226966861,10.61
"[10.61, 10.620000000000001)",0.03453708364819119,10.620000000000001
"[10.620000000000001, 10.63)",0.03341737994838366,10.63
"[10.63, 10.64)",0.035393827971067576,10.64
"[10.64, 10.65)",0.03133919715736853,10.65
"[10.65, 10.66)",0.03222657626539575,10.66
"[10.66, 10.67)",0.031838205535020044,10.67
"[10.67, 10.68)",0.03348613740884615,10.68
"[10.68, 10.69)",0.0321838206622079,10.69
"[10.69, 10.700000000000001)",0.03216220812754493,10.700000000000001
"[10.700000000000001, 10.71)",0.028132845306543426,10.71
"[10.71, 10.72)",0.02885452585843919,10.72
"[10.72, 10.73)",0.027800509870076946,10.73
"[10.73, 10.74)",0.031173682994056665,10.74
"[10.74, 10.75)",0.029895399185954147,10.75
"[10.75, 10.76)",0.03085445085605171,10.76
"[10.76, 10.77)",0.0296776440042513,10.77
"[10.77, 10.78)",0.02758717589458775,10.78
"[10.78, 10.790000000000001)",0.029209674677278138,10.790000000000001
"[10.790000000000001, 10.8)",0.028007473413221337,10.8
"[10.8, 10.81)",0.03140527735818916,10.81
"[10.81, 10.82)",0.03112734589659879,10.82
"[10.82, 10.83)",0.028950864939571525,10.83
"[10.83, 10.84)",0.03003974723016003,10.84
"[10.84, 10.85)",0.028416787837810785,10.85
"[10.85, 10.86)",0.028521942766206794,10.86
"[10.86, 10.870000000000001)",0.027439922959938995,10.870000000000001
"[10.870000000000001, 10.88)",0.030334875842783045,10.88
"[10.88, 10.89)",0.02661583071381545,10.89
"[10.89, 10.9)",0.030840091043782356,10.9
"[10.9, 10.91)",0.028706427670198424,10.91
"[10.91, 10.92)",0.02790892749604215,10.92
"[10.92, 10.93)",0.029269405037171868,10.93
"[10.93, 10.94)",0.030416171061021215,10.94
"[10.94, 10.950000000000001)",0.027725853099991093,10.950000000000001
"[10.950000000000001, 10.96)",0.030780646292025163,10.96
"[10.96, 10.97)",0.028343926053666497,10.97
"[10.97, 10.98)",0.027193759176397995,10.98
"[10.98, 10.99)",0.029551733166047645,10.99
"[10.99, 11.0)",0.0282484140893971,11.0
"[11.0, 11.01)",0.032678333656894556,11.01
"[11.01, 11.02)",0.03074980089515348,11.02
"[11.02, 11.03)",0.02819413517364737,11.03
"[11.03, 11.040000000000001)",0.029924517791498052,11.040000000000001
"[11.040000000000001, 11.05)",0.029194950008700784,11.05
"[11.05, 11.06)",0.03528138763551688,11.06
"[11.06, 11.07)",0.03231613880993143,11.07
"[11.07, 11.08)",0.030438521378537243,11.08
"[11.08, 11.09)",0.03273327744416659,11.09
"[11.09, 11.1)",0.0334736677504908,11.1
"[11.1, 11.11)",0.030242766005601596,11.11
"[11.11, 11.120000000000001)",0.03220293697361661,11.120000000000001
"[11.120000000000001, 11.13)",0.027694565907458182,11.13
"[11.13, 11.14)",0.0287247621943289,11.14
"[11.14, 11.15)",0.027291896777416016,11.15
"[11.15, 11.16)",0.029281246140144667,11.16
"[11.16, 11.17)",0.027135186277933047,11.17
"[11.17, 11.18)",0.03150223919704031,11.18
"[11.18, 11.19)",0.03231635448943698,11.19
"[11.19, 11.200000000000001)",0.028658728907297853,11.200000000000001
"[11.200000000000001, 11.21)",0.025849822289719406,11.21
"[11.21, 11.22)",0.029692327870121323,11.22
"[11.22, 11.23)",0.029621519998814565,11.23
"[11.23, 11.24)",0.0275055077205811,11.24
"[11.24, 11.25)",0.030145990955431693,11.25
"[11.25, 11.26)",0.02713841079043921,11.26
"[11.26, 11.27)",0.029885788031558787,11.27
"[11.27, 11.28)",0.03129014764265034,11.28
"[11.28, 11.290000000000001)",0.02738742473138005,11.290000000000001
"[11.290000000000001, 11.3)",0.03136410817034971,11.3
"[11.3, 11.31)",0.033561089220591,11.31
"[11.31, 11.32)",0.03357870368250744,11.32
"[11.32, 11.33)",0.02911231340367787,11.33
"[11.33, 11.34)",0.031128743669690356,11.34
"[11.34, 11.35)",0.031035466004534565,11.35
"[11.35, 11.36)",0.027111182330152327,11.36
"[11.36, 11.370000000000001)",0.028347526397235766,11.370000000000001
"[11.370000000000001, 11.38)",0.031705450919706196,11.38
"[11.38, 11.39)",0.027409721533712243,11.39
"[11.39, 11.4)",0.030412927253016583,11.4
"[11.4, 11.41)",0.029913197130061155,11.41
"[11.41, 11.42)",0.02813750204544093,11.42
"[11.42, 11.43)",0.03304823023194528,11.43
"[11.43, 11.44)",0.03193116385525579,11.44
"[11.44, 11.450000000000001)",0.03204763343091816,11.450000000000001
"[11.450000000000001, 11.46)",0.03057518307079563,11.46
"[11.46, 11.47)",0.032429150140745704,11.47
"[11.47, 11.48)",0.03306012622148424,11.48
"[11.48, 11.49)",0.03187146257720619,11.49
"[11.49, 11.5)",0.03653237845405249,11.5
"[11.5, 11.51)",0.030850648623932945,11.51
"[11.51, 11.52)",0.030179518801838126,11.52
"[11.52, 11.53)",0.0329932167525096,11.53
"[11.53, 11.540000000000001)",0.03259713778279319,11.540000000000001
"[11.540000000000001, 11.55)",0.030896889877276783,11.55
"[11.55, 11.56)",0.030540528077378285,11.56
"[11.56, 11.57)",0.026360715187202368,11.57
"[11.57, 11.58)",0.03074031910920376,11.58
"[11.58, 11.59)",0.03342623548165101,11.59
"[11.59, 11.6)",0.036252383466492455,11.6
"[11.6, 11.61)",0.04101844029172727,11.61
"[11.61, 11.620000000000001)",0.02977862895598637,11.620000000000001
"[11.620000000000001, 11.63)",0.03007332444618729,11.63
"[11.63, 11.64)",0.030493857283358267,11.64
"[11.64, 11.65)",0.030941371267182813,11.65
"[11.65, 11.66)",0.033278149715654536,11.66
"[11.66, 11.67)",0.03594347978030051,11.67
"[11.67, 11.68)",0.029714198569012855,11.68
"[11.68, 11.69)",0.030221739786889534,11.69
"[11.69, 11.700000000000001)",0.03589009576888004,11.700000000000001
"[11.700000000000001, 11.71)",0.036859305598189195,11.71
"[11.71, 11.72)",0.03797743848934637,11.72
"[11.72, 11.73)",0.03977944686389297,11.73
"[11.73, 11.74)",0.046195525422119,11.74
"[11.74, 11.75)",0.03277924862615377,11.75
"[11.75, 11.76)",0.027618371065932786,11.76
"[11.76, 11.77)",0.03542072524146911,11.77
"[11.77, 11.78)",0.03894340429723347,11.78
"[11.78, 11.790000000000001)",0.03510826184198961,11.790000000000001
"[11.790000000000001, 11.8)",0.03273414971549828,11.8
"[11.8, 11.81)",0.02862821762995967,11.81
"[11.81, 11.82)",0.030646946559083225,11.82
"[11.82, 11.83)",0.030222540183244676,11.83
"[11.83, 11.84)",0.028363309749298914,11.84
"[11.84, 11.85)",0.027512779557777783,11.85
"[11.85, 11.86)",0.029329805506967944,11.86
"[11.86, 11.870000000000001)",0.030222787758906165,11.870000000000001
"[11.870000000000001, 11.88)",0.030584039581962163,11.88
"[11.88, 11.89)",0.026963538598314116,11.89
"[11.89, 11.9)",0.03328601454337782,11.9
"[11.9, 11.91)",0.027881103047571285,11.91
"[11.91, 11.92)",0.027422991082327833,11.92
"[11.92, 11.93)",0.032042468109609784,11.93
"[11.93, 11.94)",0.027322112891444907,11.94
"[11.94, 11.950000000000001)",0.028770127620680788,11.950000000000001
"[11.950000000000001, 11.96)",0.0281035733854426,11.96
"[11.96, 11.97)",0.026797982906378123,11.97
"[11.97, 11.98)",0.032333823843217036,11.98
"[11.98, 11.99)",0.025608293838325278,11.99
"[11.99, 12.0)",0.032536529322488315,12.0
"[12.0, 12.01)",0.028247913717715085,12.01
"[12.01, 12.02)",0.0267136578105024,12.02
"[12.02, 12.030000000000001)",0.028639132900729516,12.030000000000001
"[12.030000000000001, 12.040000000000001)",0.030472135517486953,12.040000000000001
"[12.040000000000001, 12.05)",0.03037017624194062,12.05
"[12.05, 12.06)",0.029555829297505946,12.06
"[12.06, 12.07)",0.026813323723723533,12.07
"[12.07, 12.08)",0.02920743412441849,12.08
"[12.08, 12.09)",0.028024750834091453,12.09
"[12.09, 12.1)",0.026729220600994592,12.1
"[12.1, 12.11)",0.029396965963890593,12.11
"[12.11, 12.120000000000001)",0.029452807157024044,12.120000000000001
"[12.120000000000001, 12.13)",0.02339779507979064,12.13
"[12.13, 12.14)",0.03147350974109563,12.14
"[12.14, 12.15)",0.024227796205646156,12.15
"[12.15, 12.16)",0.029127889277231755,12.16
"[12.16, 12.17)",0.027520544421223238,12.17
"[12.17, 12.18)",0.027843079227998415,12.18
"[12.18, 12.19)",0.029094360180863633,12.19
"[12.19, 12.200000000000001)",0.03063145143382088,12.200000000000001
"[12.200000000000001, 12.21)",0.024380608153277045,12.21
"[12.21, 12.22)",0.03329883490393498,12.22
"[12.22, 12.23)",0.031663812238334754,12.23
"[12.23, 12.24)",0.03184121088191228,12.24
"[12.24, 12.25)",0.026373607923047587,12.25
"[12.25, 12.26)",0.025858175406132444,12.26
"[12.26, 12.27)",0.028902905410092234,12.27
"[12.27, 12.280000000000001)",0.025575392687732006,12.280000000000001
"[12.280000000000001, 12.290000000000001)",0.026787644281903535,12.290000000000001
"[12.290000000000001, 12.3)",0.028502716171441806,12.3
"[12.3, 12.31)",0.029979952904895107,12.31
"[12.31, 12.32)",0.02943522538030562,12.32
"[12.32, 12.33)",0.02555331909203199,12.33
"[12.33, 12.34)",0.029013395042630594,12.34
"[12.34, 12.35)",0.03231735168719407,12.35
"[12.35, 12.36)",0.034004776749442814,12.36
"[12.36, 12.370000000000001)",0.029105905164527934,12.370000000000001
"[12.370000000000001, 12.38)",0.027320876463665704,12.38
"[12.38, 12.39)",0.03070987690993262,12.39
"[12.39, 12.4)",0.02737538330936884,12.4
"[12.4, 12.41)",0.030676949965180125,12.41
"[12.41, 12.42)",0.032830945156095415,12.42
"[12.42, 12.43)",0.029152616792109332,12.43
"[12.43, 12.44)",0.029364032301382483,12.44
"[12.44, 12.450000000000001)",0.025958824447356792,12.450000000000001
"[12.450000000000001, 12.46)",0.030225229082699572,12.46
"[12.46, 12.47)",0.028248495429381924,12.47
"[12.47, 12.48)",0.03195370309164356,12.48
"[12.48, 12.49)",0.032386696775652105,12.49
"[12.49, 12.5)",0.028059337365343898,12.5
"[12.5, 12.51)",0.03458744303040874,12.51
"[12.51, 12.52)",0.03249724473663811,12.52
"[12.52, 12.530000000000001)",0.023596649639013808,12.530000000000001
"[12.530000000000001, 12.540000000000001)",0.025451351351881694,12.540000000000001
"[12.540000000000001, 12.55)",0.027000244161695695,12.55
"[12.55, 12.56)",0.027539300922636796,12.56
"[12.56, 12.57)",0.030718058510480522,12.57
"[12.57, 12.58)",0.027709353070152837,12.58
"[12.58, 12.59)",0.025219071292759594,12.59
"[12.59, 12.6)",0.024732448041909393,12.6
"[12.6, 12.61)",0.026293933318599978,12.61
"[12.61, 12.620000000000001)",0.026053488949434274,12.620000000000001
"[12.620000000000001, 12.63)",0.02645382428820213,12.63
"[12.63, 12.64)",0.028827666387460663,12.64
"[12.64, 12.65)",0.027335381993395493,12.65
"[12.65, 12.66)",0.025906273903060287,12.66
"[12.66, 12.67)",0.02486093289662918,12.67
"[12.67, 12.68)",0.028869203786773632,12.68
"[12.68, 12.69)",0.028120194108183113,12.69
"[12.69, 12.700000000000001)",0.031720278797191845,12.700000000000001
"[12.700000000000001, 12.71)",0.03476391989539562,12.71
"[12.71, 12.72)",0.03030936732646603,12.72
"[12.72, 12.73)",0.03426061002729754,12.73
"[12.73, 12.74)",0.027132868952188513,12.74
"[12.74, 12.75)",0.02210512909124725,12.75
"[12.75, 12.76)",0.02517175702883719,12.76
"[12.76, 12.77)",0.03196669613310614,12.77
"[12.77, 12.780000000000001)",0.02754201661454943,12.780000000000001
"[12.780000000000001, 12.790000000000001)",0.02727680554436857,12.790000000000001
"[12.790000000000001, 12.8)",0.02840856990218811,12.8
"[12.8, 12.81)",0.027857075914771923,12.81
"[12.81, 12.82)",0.023795715030512008,12.82
"[12.82, 12.83)",0.029324727646501972,12.83
"[12.83, 12.84)",0.027394969819172135,12.84
"[12.84, 12.85)",0.0285200521110102,12.85
"[12.85, 12.86)",0.02682179148294916,12.86
"[12.86, 12.870000000000001)",0.03199578860836098,12.870000000000001
"[12.870000000000001, 12.88)",0.030294743992081416,12.88
"[12.88, 12.89)",0.02598099484581589,12.89
"[12.89, 12.9)",0.02781266997846003,12.9
"[12.9, 12.91)",0.028038906499209475,12.91
"[12.91, 12.92)",0.027470836737587632,12.92
"[12.92, 12.93)",0.02683560480125145,12.93
"[12.93, 12.94)",0.024552081419436697,12.94
"[12.94, 12.950000000000001)",0.02710829078783526,12.950000000000001
"[12.950000000000001, 12.96)",0.025282716339229273,12.96
"[12.96, 12.97)",0.029381042992292022,12.97
"[12.97, 12.98)",0.024706097005375637,12.98
"[12.98, 12.99)",0.022216612487618054,12.99
"[12.99, 13.0)",0.023918573037785645,13.0
"[13.0, 13.01)",0.029252259294668848,13.01
"[13.01, 13.02)",0.03425421437326669,13.02
"[13.02, 13.030000000000001)",0.026193898772682883,13.030000000000001
"[13.030000000000001, 13.040000000000001)",0.02744762764918385,13.040000000000001
"[13.040000000000001, 13.05)",0.0219205185991166,13.05
"[13.05, 13.06)",0.02516606601510307,13.06
"[13.06, 13.07)",0.027080019843456496,13.07
"[13.07, 13.08)",0.024902986445888297,13.08
"[13.08, 13.09)",0.028629184713087737,13.09
"[13.09, 13.1)",0.027431978349774695,13.1
"[13.1, 13.11)",0.027931321797763115,13.11
"[13.11, 13.120000000000001)",0.029638203651489312,13.120000000000001
"[13.120000000000001, 13.13)",0.03344981798142699,13.13
"[13.13, 13.14)",0.02493264503459491,13.14
"[13.14, 13.15)",0.027692060817572684,13.15
"[13.15, 13.16)",0.029444498053789743,13.16
"[13.16, 13.17)",0.02422472590595092,13.17
"[13.17, 13.18)",0.023561678026775335,13.18
"[13.18, 13.19)",0.03184011333642315,13.19
"[13.19, 13.200000000000001)",0.03010303808527743,13.200000000000001
"[13.200000000000001, 13.21)",0.030235222117912814,13.21
"[13.21, 13.22)",0.029946886749377094,13.22
"[13.22, 13.23)",0.027952021949032953,13.23
"[13.23, 13.24)",0.03263250014302482,13.24
"[13.24, 13.25)",0.0263110096805687,13.25
"[13.25, 13.26)",0.029418700597115318,13.26
"[13.26, 13.27)",0.032669917660382304,13.27
"[13.27, 13.280000000000001)",0.026526126009374967,13.280000000000001
"[13.280000000000001, 13.290000000000001)",0.028325039991046515,13.290000000000001
"[13.290000000000001, 13.3)",0.03025342596232499,13.3
"[13.3, 13.31)",0.026349465528438473,13.31
"[13.31, 13.32)",0.025117437912269256,13.32
"[13.32, 13.33)",0.024819275352124855,13.33
"[13.33, 13.34)",0.025611793759026998,13.34
"[13.34, 13.35)",0.027062376996293203,13.35
"[13.35, 13.36)",0.03269203444079268,13.36
"[13.36, 13.370000000000001)",0.025962701977765356,13.370000000000001
"[13.370000000000001, 13.38)",0.02452742227368514,13.38
"[13.38, 13.39)",0.03413966479924093,13.39
"[13.39, 13.4)",0.03359181475739083,13.4
"[13.4, 13.41)",0.027007519161426796,13.41
"[13.41, 13.42)",0.02362842015698115,13.42
"[13.42, 13.43)",0.027947947410718477,13.43
"[13.43, 13.44)",0.027984735143284405,13.44
"[13.44, 13.450000000000001)",0.025934890089819584,13.450000000000001
"[13.450000000000001, 13.46)",0.025742831200913904,13.46
"[13.46, 13.47)",0.02803052619262541,13.47
"[13.47, 13.48)",0.0318047227810959,13.48
"[13.48, 13.49)",0.028970426420027142,13.49
"[13.49, 13.5)",0.026579155958186093,13.5
"[13.5, 13.51)",0.024880354160434243,13.51
"[13.51, 13.52)",0.03573323835211536,13.52
"[13.52, 13.530000000000001)",0.028552428872461937,13.530000000000001
"[13.530000000000001, 13.540000000000001)",0.026307792217831673,13.540000000000001
"[13.540000000000001, 13.55)",0.027763731811917818,13.55
"[13.55, 13.56)",0.03051479270992744,13.56
"[13.56, 13.57)",0.027827404007493596,13.57
"[13.57, 13.58)",0.03030258731484374,13.58
"[13.58, 13.59)",0.024543717223777507,13.59
"[13.59, 13.6)",0.028310276491684085,13.6
"[13.6, 13.61)",0.030596317978919516,13.61
"[13.61, 13.620000000000001)",0.02629233462739731,13.620000000000001
"[13.620000000000001, 13.63)",0.02880348136638349,13.63
"[13.63, 13.64)",0.027073554839504556,13.64
"[13.64, 13.65)",0.026592648904550292,13.65
"[13.65, 13.66)",0.023989102369806427,13.66
"[13.66, 13.67)",0.03218306464748208,13.67
"[13.67, 13.68)",0.02723441371522731,13.68
"[13.68, 13.69)",0.025456985088108886,13.69
"[13.69, 13.700000000000001)",0.030028244758504546,13.700000000000001
"[13.700000000000001, 13.71)",0.035052876353721577,13.71
"[13.71, 13.72)",0.027581360627500006,13.72
"[13.72, 13.73)",0.028539538738702182,13.73
"[13.73, 13.74)",0.029035424191946144,13.74
"[13.74, 13.75)",0.031934557462349245,13.75
"[13.75, 13.76)",0.02046682616591306,13.76
"[13.76, 13.77)",0.026871284731319472,13.77
"[13.77, 13.780000000000001)",0.02724417671834172,13.780000000000001
"[13.780000000000001, 13.790000000000001)",0.024774447596684353,13.790000000000001
"[13.790000000000001, 13.8)",0.02533859940274315,13.8
"[13.8, 13.81)",0.028109533336798075,13.81
"[13.81, 13.82)",0.02535406133714284,13.82
"[13.82, 13.83)",0.024488917389011437,13.83
"[13.83, 13.84)",0.029782285848378384,13.84
"[13.84, 13.85)",0.03140064254929579,13.85
"[13.85, 13.86)",0.02681679140520359,13.86
"[13.86, 13.870000000000001)",0.02385224001070223,13.870000000000001
"[13.870000000000001, 13.88)",0.022659009045350478,13.88
"[13.88, 13.89)",0.02476966536730537,13.89
"[13.89, 13.9)",0.025743238611178495,13.9
"[13.9, 13.91)",0.02560089205633801,13.91
"[13.91, 13.92)",0.03056351330646675,13.92
"[13.92, 13.93)",0.023685200652715743,13.93
"[13.93, 13.94)",0.024152258559773564,13.94
"[13.94, 13.950000000000001)",0.03110259753990206,13.950000000000001
"[13.950000000000001, 13.96)",0.02564897947442399,13.96
"[13.96, 13.97)",0.02768436870273484,13.97
"[13.97, 13.98)",0.025420550888174704,13.98
"[13.98, 13.99)",0.02676766839326453,13.99
"[13.99, 14.0)",0.028879447171902942,14.0
"[14.0, 14.01)",0.025569186000015922,14.01
"[14.01, 14.02)",0.03467214737053682,14.02
"[14.02, 14.030000000000001)",0.025592000399799752,14.030000000000001
"[14.030000000000001, 14.040000000000001)",0.02987888499839808,14.040000000000001
"[14.040000000000001, 14.05)",0.02747580358317071,14.05
"[14.05, 14.06)",0.034335078513031546,14.06
"[14.06, 14.07)",0.030274614258734015,14.07
"[14.07, 14.08)",0.024237148917295243,14.08
"[14.08, 14.09)",0.02422867005728672,14.09
"[14.09, 14.1)",0.02353357024018449,14.1
"[14.1, 14.11)",0.027695677876925198,14.11
"[14.11, 14.120000000000001)",0.031519524696056525,14.120000000000001
"[14.120000000000001, 14.13)",0.02618392131991974,14.13
"[14.13, 14.14)",0.024523086005043233,14.14
"[14.14, 14.15)",0.022529849187334344,14.15
"[14.15, 14.16)",0.019824980405094932,14.16
"[14.16, 14.17)",0.029343948147790695,14.17
"[14.17, 14.18)",0.02627974897460928,14.18
"[14.18, 14.19)",0.02703542615906398,14.19
"[14.19, 14.200000000000001)",0.022970259323088528,14.200000000000001
"[14.200000000000001, 14.21)",0.030719098507048303,14.21
"[14.21, 14.22)",0.027924146004817525,14.22
"[14.22, 14.23)",0.026503309777336247,14.23
"[14.23, 14.24)",0.029084895002247466,14.24
"[14.24, 14.25)",0.027782879936134087,14.25
"[14.25, 14.26)",0.02854143505386567,14.26
"[14.26, 14.27)",0.0328154421094444,14.27
"[14.27, 14.280000000000001)",0.023937900295897836,14.280000000000001
"[14.280000000000001, 14.290000000000001)",0.025075828274283642,14.290000000000001
"[14.290000000000001, 14.3)",0.03319627610761697,14.3
"[14.3, 14.31)",0.02738818539321762,14.31
"[14.31, 14.32)",0.028381944129336,14.32
"[14.32, 14.33)",0.0261508050291074,14.33
"[14.33, 14.34)",0.029543944546657364,14.34
"[14.34, 14.35)",0.02817326245854581,14.35
"[14.35, 14.36)",0.029161029488100423,14.36
"[14.36, 14.370000000000001)",0.026413483703982367,14.370000000000001
"[14.370000000000001, 14.38)",0.03432941215239031,14.38
"[14.38, 14.39)",0.03650203856478676,14.39
"[14.39, 14.4)",0.029898373188830256,14.4
"[14.4, 14.41)",0.02683333437076075,14.41
"[14.41, 14.42)",0.02650199583992908,14.42
"[14.42, 14.43)",0.030554263048625657,14.43
"[14.43, 14.44)",0.03284585244216707,14.44
"[14.44, 14.450000000000001)",0.02627576360206805,14.450000000000001
"[14.450000000000001, 14.46)",0.030815908868020374,14.46
"[14.46, 14.47)",0.03006895714728858,14.47
"[14.47, 14.48)",0.03264970207858506,14.48
"[14.48, 14.49)",0.03287952260555398,14.49
"[14.49, 14.5)",0.0266762814538696,14.5
"[14.5, 14.51)",0.02955643571483059,14.51
"[14.51, 14.52)",0.02848201031260744,14.52
"[14.52, 14.530000000000001)",0.03160063014728674,14.530000000000001
"[14.530000000000001, 14.540000000000001)",0.042120223998461506,14.540000000000001
"[14.540000000000001, 14.55)",0.02609327180966723,14.55
"[14.55, 14.56)",0.02719777910901259,14.56
"[14.56, 14.57)",0.03169350439968989,14.57
"[14.57, 14.58)",0.028754953991097173,14.58
"[14.58, 14.59)",0.029083461714896997,14.59
"[14.59, 14.6)",0.025231326781071994,14.6
"[14.6, 14.61)",0.02666172536161835,14.61
"[14.61, 14.620000000000001)",0.02714052564471007,14.620000000000001
"[14.620000000000001, 14.63)",0.029348690774571442,14.63
"[14.63, 14.64)",0.02766226709101127,14.64
"[14.64, 14.65)",0.03491409613250724,14.65
"[14.65, 14.66)",0.02167102560696598,14.66
"[14.66, 14.67)",0.027699088748920853,14.67
"[14.67, 14.68)",0.023628846220466355,14.68
"[14.68, 14.69)",0.02725850797569724,14.69
"[14.69, 14.700000000000001)",0.02428108986441178,14.700000000000001
"[14.700000000000001, 14.71)",0.02586549313154356,14.71
"[14.71, 14.72)",0.03286456026331518,14.72
"[14.72, 14.73)",0.029675201596066188,14.73
"[14.73, 14.74)",0.026221094573110518,14.74
"[14.74, 14.75)",0.027988554024552418,14.75
"[14.75, 14.76)",0.030250197016416038,14.76
"[14.76, 14.77)",0.027665122820334915,14.77
"[14.77, 14.780000000000001)",0.029812645294609166,14.780000000000001
"[14.780000000000001, 14.790000000000001)",0.031711322620833295,14.790000000000001
"[14.790000000000001, 14.8)",0.026556446669962,14.8
"[14.8, 14.81)",0.024858760326598485,14.81
"[14.81, 14.82)",0.027836763363082946,14.82
"[14.82, 14.83)",0.02854438894817334,14.83
"[14.83, 14.84)",0.026055388934801412,14.84
"[14.84, 14.85)",0.024640181069150342,14.85
"[14.85, 14.86)",0.024003930811788952,14.86
"[14.86, 14.870000000000001)",0.031136054873359582,14.870000000000001
"[14.870000000000001, 14.88)",0.03388637357542513,14.88
"[14.88, 14.89)",0.022977617916946386,14.89
"[14.89, 14.9)",0.02475538461976746,14.9
"[14.9, 14.91)",0.02380644860532379,14.91
"[14.91, 14.92)",0.03241749220474132,14.92
"[14.92, 14.93)",0.030105724939790524,14.93
"[14.93, 14.94)",0.02509894228244681,14.94
"[14.94, 14.950000000000001)",0.029699223610703755,14.950000000000001
"[14.950000000000001, 14.96)",0.025670931026293694,14.96
"[14.96, 14.97)",0.02651874801233588,14.97
"[14.97, 14.98)",0.025256589343827376,14.98
"[14.98, 14.99)",0.03153906031967459,14.99
"[14.99, 15.0)",0.024136615123703714,15.0
"[15.0, 15.01)",0.026737978473977943,15.01
"[15.01, 15.02)",0.02369241079750005,15.02
"[15.02, 15.030000000000001)",0.02798086870021949,15.030000000000001
"[15.030000000000001, 15.040000000000001)",0.03189696238118813,15.040000000000001
"[15.040000000000001, 15.05)",0.025048605974784345,15.05
"[15.05, 15.06)",0.027673334556879436,15.06
"[15.06, 15.07)",0.026303917092926545,15.07
"[15.07, 15.08)",0.0246122646004575,15.08
"[15.08, 15.09)",0.02732976460576647,15.09
"[15.09, 15.1)",0.026976222111088546,15.1
"[15.1, 15.11)",0.029765502774378894,15.11
"[15.11, 15.120000000000001)",0.028032563495156267,15.120000000000001
"[15.120000000000001, 15.13)",0.02691008643156811,15.13
"[15.13, 15.14)",0.02473315067590555,15.14
"[15.14, 15.15)",0.030019116723438776,15.15
"[15.15, 15.16)",0.023113937401636645,15.16
"[15.16, 15.17)",0.028781625083465965,15.17
"[15.17, 15.18)",0.028069748483475498,15.18
"[15.18, 15.19)",0.027074849485180432,15.19
"[15.19, 15.200000000000001)",0.02773410729507045,15.200000000000001
"[15.200000000000001, 15.21)",0.030558525259207513,15.21
"[15.21, 15.22)",0.031204514117579237,15.22
"[15.22, 15.23)",0.030648880621015485,15.23
"[15.23, 15.24)",0.030358223659785744,15.24
"[15.24, 15.25)",0.027807797865935183,15.25
"[15.25, 15.26)",0.028222190189083566,15.26
"[15.26, 15.27)",0.03156551994499992,15.27
"[15.27, 15.280000000000001)",0.029378006115435316,15.280000000000001
"[15.280000000000001, 15.290000000000001)",0.031094109347930558,15.290000000000001
"[15.290000000000001, 15.3)",0.02817917189483,15.3
"[15.3, 15.31)",0.02518525619274663,15.31
"[15.31, 15.32)",0.026873064494856692,15.32
"[15.32, 15.33)",0.03067605134545853,15.33
"[15.33, 15.34)",0.028084268297130673,15.34
"[15.34, 15.35)",0.026440983882771576,15.35
"[15.35, 15.36)",0.025823403869515517,15.36
"[15.36, 15.370000000000001)",0.031489847734680575,15.370000000000001
"[15.370000000000001, 15.38)",0.022945359332506146,15.38
"[15.38, 15.39)",0.024829963281902553,15.39
"[15.39, 15.4)",0.027401053833020213,15.4
"[15.4, 15.41)",0.028786409591758284,15.41
"[15.41, 15.42)",0.025883244504461958,15.42
"[15.42, 15.43)",0.0298758073313837,15.43
"[15.43, 15.44)",0.02698413923868602,15.44
"[15.44, 15.450000000000001)",0.022637027418254005,15.450000000000001
"[15.450000000000001, 15.46)",0.028387330445619335,15.46
"[15.46, 15.47)",0.029110749023916267,15.47
"[15.47, 15.48)",0.028825960562448433,15.48
"[15.48, 15.49)",0.024493247768941035,15.49
"[15.49, 15.5)",0.03438363425898552,15.5
"[15.5, 15.51)",0.0283841791682705,15.51
"[15.51, 15.52)",0.028246794851019268,15.52
"[15.52, 15.530000000000001)",0.027499818536568146,15.530000000000001
"[15.530000000000001, 15.540000000000001)",0.029812402552880906,15.540000000000001
"[15.540000000000001, 15.55)",0.027509271840939924,15.55
"[15.55, 15.56)",0.0276297917082074,15.56
"[15.56, 15.57)",0.02613692245471431,15.57
"[15.57, 15.58)",0.02779957721651063,15.58
"[15.58, 15.59)",0.03007093901454012,15.59
"[15.59, 15.6)",0.02513922972718033,15.6
"[15.6, 15.610000000000001)",0.024504997870846954,15.610000000000001
"[15.610000000000001, 15.620000000000001)",0.02863386132671238,15.620000000000001
"[15.620000000000001, 15.63)",0.02865410183811259,15.63
"[15.63, 15.64)",0.03041657253360147,15.64
"[15.64, 15.65)",0.030245633329982424,15.65
"[15.65, 15.66)",0.028833638685688102,15.66
"[15.66, 15.67)",0.025778468996545807,15.67
"[15.67, 15.68)",0.029785495860959552,15.68
"[15.68, 15.69)",0.023984772170653933,15.69
"[15.69, 15.700000000000001)",0.02926536321347962,15.700000000000001
"[15.700000000000001, 15.71)",0.023621163760828078,15.71
"[15.71, 15.72)",0.027418825387362632,15.72
"[15.72, 15.73)",0.028729346452641503,15.73
"[15.73, 15.74)",0.03038512181254126,15.74
"[15.74, 15.75)",0.02755849960371105,15.75
"[15.75, 15.76)",0.030673246602554185,15.76
"[15.76, 15.77)",0.028902431456503116,15.77
"[15.77, 15.780000000000001)",0.03334851003689538,15.780000000000001
"[15.780000000000001, 15.790000000000001)",0.032725705535555545,15.790000000000001
"[15.790000000000001, 15.8)",0.025630137874943667,15.8
"[15.8, 15.81)",0.027053278253400277,15.81
"[15.81, 15.82)",0.032033716810958866,15.82
"[15.82, 15.83)",0.025679193137176492,15.83
"[15.83, 15.84)",0.026723877694689202,15.84
"[15.84, 15.85)",0.0258056342097778,15.85
"[15.85, 15.860000000000001)",0.034659339985919996,15.860000000000001
"[15.860000000000001, 15.870000000000001)",0.032644300953134794,15.870000000000001
"[15.870000000000001, 15.88)",0.028689782857485895,15.88
"[15.88, 15.89)",0.026802716159679794,15.89
"[15.89, 15.9)",0.030555634447309923,15.9
"[15.9, 15.91)",0.02808282614133133,15.91
"[15.91, 15.92)",0.024494466737817668,15.92
"[15.92, 15.93)",0.03231483856957642,15.93
"[15.93, 15.94)",0.03130658899740133,15.94
"[15.94, 15.950000000000001)",0.030543601176567153,15.950000000000001
"[15.950000000000001, 15.96)",0.025661716495252257,15.96
"[15.96, 15.97)",0.02637705735015302,15.97
"[15.97, 15.98)",0.024671153166911364,15.98
"[15.98, 15.99)",0.02390678046838713,15.99
"[15.99, 16.0)",0.027105292815739944,16.0
"[16.0, 16.01)",0.02971589267194645,16.01
"[16.01, 16.02)",0.025658965101946922,16.02
"[16.02, 16.03)",0.030816584420667755,16.03
"[16.03, 16.04)",0.033585110190999995,16.04
"[16.04, 16.05)",0.031865920018094476,16.05
"[16.05, 16.06)",0.02846474564463838,16.06
"[16.06, 16.07)",0.022090141192952842,16.07
"[16.07, 16.080000000000002)",0.030464756795704834,16.080000000000002
"[16.080000000000002, 16.09)",0.03260878188041403,16.09
"[16.09, 16.1)",0.02569507525630439,16.1
"[16.1, 16.11)",0.02677820179264608,16.11
"[16.11, 16.12)",0.02499546895456142,16.12
"[16.12, 16.13)",0.024246358956519613,16.13
"[16.13, 16.14)",0.027157392563136668,16.14
"[16.14, 16.15)",0.03170421291919998,16.15
"[16.15, 16.16)",0.025197203185125465,16.16
"[16.16, 16.17)",0.022268573526011075,16.17
"[16.17, 16.18)",0.024513606929951713,16.18
"[16.18, 16.19)",0.029038062851840456,16.19
"[16.19, 16.2)",0.026096069600880036,16.2
"[16.2, 16.21)",0.02919357373243672,16.21
"[16.21, 16.22)",0.025820116388688544,16.22
"[16.22, 16.23)",0.023037298039648525,16.23
"[16.23, 16.240000000000002)",0.02678928462610841,16.240000000000002
"[16.240000000000002, 16.25)",0.03166071538669007,16.25
"[16.25, 16.26)",0.029025354396861634,16.26
"[16.26, 16.27)",0.026920230255176134,16.27
"[16.27, 16.28)",0.02801054416777118,16.28
"[16.28, 16.29)",0.031253807941312814,16.29
"[16.29, 16.3)",0.036344220577107456,16.3
"[16.3, 16.31)",0.029574388094352946,16.31
"[16.31, 16.32)",0.02656053702274148,16.32
"[16.32, 16.330000000000002)",0.043128299476867075,16.330000000000002
"[16.330000000000002, 16.34)",0.033203411376494824,16.34
"[16.34, 16.35)",0.03545350801309859,16.35
"[16.35, 16.36)",0.028828229789914818,16.36
"[16.36, 16.37)",0.028292197766169938,16.37
"[16.37, 16.38)",0.027821801885115596,16.38
"[16.38, 16.39)",0.028208046773026345,16.39
"[16.39, 16.4)",0.028425251788488773,16.4
"[16.4, 16.41)",0.02511977604388802,16.41
"[16.41, 16.42)",0.030041803769683215,16.42
"[16.42, 16.43)",0.0263974921847022,16.43
"[16.43, 16.44)",0.02542029803966819,16.44
"[16.44, 16.45)",0.028413917341438832,16.45
"[16.45, 16.46)",0.02906584301620385,16.46
"[16.46, 16.47)",0.030571112784628523,16.47
"[16.47, 16.48)",0.028854355024020496,16.48
"[16.48, 16.490000000000002)",0.027546558219122837,16.490000000000002
"[16.490000000000002, 16.5)",0.029033751554491997,16.5
"[16.5, 16.51)",0.028809490807846398,16.51
"[16.51, 16.52)",0.028117496162293948,16.52
"[16.52, 16.53)",0.027799127603533588,16.53
"[16.53, 16.54)",0.02808796577061613,16.54
"[16.54, 16.55)",0.027200215208064593,16.55
"[16.55, 16.56)",0.024931014406428576,16.56
"[16.56, 16.57)",0.027174085077679332,16.57
"[16.57, 16.580000000000002)",0.02979853855639787,16.580000000000002
"[16.580000000000002, 16.59)",0.0313659033754606,16.59
"[16.59, 16.6)",0.03511794904472053,16.6
"[16.6, 16.61)",0.02566154081283425,16.61
"[16.61, 16.62)",0.028078246878238382,16.62
"[16.62, 16.63)",0.033402687569884654,16.63
"[16.63, 16.64)",0.025615355764392014,16.64
"[16.64, 16.65)",0.036723209596917786,16.65
"[16.65, 16.66)",0.034220892133216156,16.66
"[16.66, 16.67)",0.027137787511642756,16.67
"[16.67, 16.68)",0.025627460039877894,16.68
"[16.68, 16.69)",0.030065468397789157,16.69
"[16.69, 16.7)",0.029616145902314685,16.7
"[16.7, 16.71)",0.026635365853817202,16.71
"[16.71, 16.72)",0.028697832891065297,16.72
"[16.72, 16.73)",0.03221918349803924,16.73
"[16.73, 16.740000000000002)",0.029292508459288314,16.740000000000002
"[16.740000000000002, 16.75)",0.026073165336500826,16.75
"[16.75, 16.76)",0.027086241309090958,16.76
"[16.76, 16.77)",0.02420054628641982,16.77
"[16.77, 16.78)",0.02687769582150175,16.78
"[16.78, 16.79)",0.029464257667647126,16.79
"[16.79, 16.8)",0.03131333849196144,16.8
"[16.8, 16.81)",0.0332085363558304,16.81
"[16.81, 16.82)",0.02839480705447477,16.82
"[16.82, 16.830000000000002)",0.02924288415414287,16.830000000000002
"[16.830000000000002, 16.84)",0.033684883426701236,16.84
"[16.84, 16.85)",0.028253169116753064,16.85
"[16.85, 16.86)",0.031244206685381835,16.86
"[16.86, 16.87)",0.03214566808721179,16.87
"[16.87, 16.88)",0.024940153089525643,16.88
"[16.88, 16.89)",0.02374167278883253,16.89
"[16.89, 16.9)",0.02938643108111784,16.9
"[16.9, 16.91)",0.022515661028460438,16.91
"[16.91, 16.92)",0.03185155257335286,16.92
"[16.92, 16.93)",0.033423843497226734,16.93
"[16.93, 16.94)",0.025368625887358262,16.94
"[16.94, 16.95)",0.02500509102743319,16.95
"[16.95, 16.96)",0.028061670176190493,16.96
"[16.96, 16.97)",0.03306050259713531,16.97
"[16.97, 16.98)",0.024816575446943993,16.98
"[16.98, 16.990000000000002)",0.02088576823989012,16.990000000000002
"[16.990000000000002, 17.0)",0.02711297687677598,17.0
"[17.0, 17.01)",0.02901579405310608,17.01
"[17.01, 17.02)",0.024907682485815586,17.02
"[17.02, 17.03)",0.029707359341065855,17.03
"[17.03, 17.04)",0.02867434546680274,17.04
"[17.04, 17.05)",0.025551751906570514,17.05
"[17.05, 17.06)",0.030556863080187045,17.06
"[17.06, 17.07)",0.024284601940885026,17.07
"[17.07, 17.080000000000002)",0.036401307464752994,17.080000000000002
"[17.080000000000002, 17.09)",0.022063599117768732,17.09
"[17.09, 17.1)",0.0401947923310631,17.1
"[17.1, 17.11)",0.035163149985016275,17.11
"[17.11, 17.12)",0.029723171312943254,17.12
"[17.12, 17.13)",0.03481291679549248,17.13
"[17.13, 17.14)",0.022928081933387714,17.14
"[17.14, 17.150000000000002)",0.02417967723156252,17.150000000000002
"[17.150000000000002, 17.16)",0.03259752450477741,17.16
"[17.16, 17.17)",0.026622640915746763,17.17
"[17.17, 17.18)",0.032048411973987966,17.18
"[17.18, 17.19)",0.027461395826817454,17.19
"[17.19, 17.2)",0.03245776844556409,17.2
"[17.2, 17.21)",0.028344579728756796,17.21
"[17.21, 17.22)",0.03389157106087825,17.22
"[17.22, 17.23)",0.03115934503413044,17.23
"[17.23, 17.240000000000002)",0.03348596784118855,17.240000000000002
"[17.240000000000002, 17.25)",0.02521377891883119,17.25
"[17.25, 17.26)",0.03058778620131741,17.26
"[17.26, 17.27)",0.02478567056945345,17.27
"[17.27, 17.28)",0.027825980436311345,17.28
"[17.28, 17.29)",0.02678904219193899,17.29
"[17.29, 17.3)",0.027229621127784976,17.3
"[17.3, 17.31)",0.021218552929036686,17.31
"[17.31, 17.32)",0.0308672955756185,17.32
"[17.32, 17.330000000000002)",0.0229273585596829,17.330000000000002
"[17.330000000000002, 17.34)",0.022331551187383752,17.34
"[17.34, 17.35)",0.02585880241827959,17.35
"[17.35, 17.36)",0.0328391858338138,17.36
"[17.36, 17.37)",0.022123328763929376,17.37
"[17.37, 17.38)",0.02862496602428579,17.38
"[17.38, 17.39)",0.025206950191856103,17.39
"[17.39, 17.400000000000002)",0.031597789722263486,17.400000000000002
"[17.400000000000002, 17.41)",0.025978442915774693,17.41
"[17.41, 17.42)",0.03892810162717794,17.42
"[17.42, 17.43)",0.036834088589820284,17.43
"[17.43, 17.44)",0.03339193066750578,17.44
"[17.44, 17.45)",0.026380856238052273,17.45
"[17.45, 17.46)",0.03540648658565506,17.46
"[17.46, 17.47)",0.025281000033809533,17.47
"[17.47, 17.48)",0.029060978087064704,17.48
"[17.48, 17.490000000000002)",0.02870678579616522,17.490000000000002
"[17.490000000000002, 17.5)",0.029850923775222252,17.5
"[17.5, 17.51)",0.031113898253808052,17.51
"[17.51, 17.52)",0.0293158234465625,17.52
"[17.52, 17.53)",0.02918680450058479,17.53
"[17.53, 17.54)",0.023078277443148675,17.54
"[17.54, 17.55)",0.030304617720219796,17.55
"[17.55, 17.56)",0.02961050594557242,17.56
"[17.56, 17.57)",0.03074452102374426,17.57
"[17.57, 17.580000000000002)",0.02364132619514916,17.580000000000002
"[17.580000000000002, 17.59)",0.02943804385583341,17.59
"[17.59, 17.6)",0.029875018158554846,17.6
"[17.6, 17.61)",0.025432818855955042,17.61
"[17.61, 17.62)",0.029193446599402213,17.62
"[17.62, 17.63)",0.02598729435440002,17.63
"[17.63, 17.64)",0.027622492736410268,17.64
"[17.64, 17.650000000000002)",0.026720035916893748,17.650000000000002
"[17.650000000000002, 17.66)",0.028576982106898935,17.66
"[17.66, 17.67)",0.029717982951751685,17.67
"[17.67, 17.68)",0.025953213754210534,17.68
"[17.68, 17.69)",0.024215995270726026,17.69
"[17.69, 17.7)",0.030781994445762753,17.7
"[17.7, 17.71)",0.03257483000384617,17.71
"[17.71, 17.72)",0.025941004832440478,17.72
"[17.72, 17.73)",0.028157379029673607,17.73
"[17.73, 17.740000000000002)",0.02800396120860068,17.740000000000002
"[17.740000000000002, 17.75)",0.026965444680152658,17.75
"[17.75, 17.76)",0.03336714357418031,17.76
"[17.76, 17.77)",0.022885483440659313,17.77
"[17.77, 17.78)",0.032707654055796176,17.78
"[17.78, 17.79)",0.027383666092307683,17.79
"[17.79, 17.8)",0.02992299217044674,17.8
"[17.8, 17.81)",0.02714883248305645,17.81
"[17.81, 17.82)",0.021565249037013408,17.82
"[17.82, 17.830000000000002)",0.022265981385448903,17.830000000000002
"[17.830000000000002, 17.84)",0.027088507025547444,17.84
"[17.84, 17.85)",0.026806297239236106,17.85
"[17.85, 17.86)",0.028743213306529968,17.86
"[17.86, 17.87)",0.02700611748835616,17.87
"[17.87, 17.88)",0.03300527316842104,17.88
"[17.88, 17.89)",0.028490266237078656,17.89
"[17.89, 17.900000000000002)",0.03136841892754033,17.900000000000002
"[17.900000000000002, 17.91)",0.028459423242372904,17.91
"[17.91, 17.92)",0.032346051496624624,17.92
"[17.92, 17.93)",0.0301688068012689,17.93
"[17.93, 17.94)",0.022052275116755334,17.94
"[17.94, 17.95)",0.024221493589999973,17.95
"[17.95, 17.96)",0.026285477223323604,17.96
"[17.96, 17.97)",0.02867587671996782,17.97
"[17.97, 17.98)",0.02639994897988504,17.98
"[17.98, 17.990000000000002)",0.030373502456637176,17.990000000000002
"[17.990000000000002, 18.0)",0.04323066538008066,18.0
"[18.0, 18.01)",0.023636031517061604,18.01
"[18.01, 18.02)",0.024130274103921556,18.02
"[18.02, 18.03)",0.020854379865800868,18.03
"[18.03, 18.04)",0.02158399898700363,18.04
"[18.04, 18.05)",0.0259743290976744,18.05
"[18.05, 18.06)",0.025579985183064497,18.06
"[18.06, 18.07)",0.029005191249230775,18.07
"[18.07, 18.080000000000002)",0.03298461875308223,18.080000000000002
"[18.080000000000002, 18.09)",0.02175685722315112,18.09
"[18.09, 18.1)",0.030152139632898107,18.1
"[18.1, 18.11)",0.027386438277128694,18.11
"[18.11, 18.12)",0.032090636151117354,18.12
"[18.12, 18.13)",0.028009092495398732,18.13
"[18.13, 18.14)",0.02222189716246151,18.14
"[18.14, 18.150000000000002)",0.025206802539250815,18.150000000000002
"[18.150000000000002, 18.16)",0.025659970227106223,18.16
"[18.16, 18.17)",0.024032781227728707,18.17
"[18.17, 18.18)",0.026157457648550708,18.18
"[18.18, 18.19)",0.02209134248617886,18.19
"[18.19, 18.2)",0.024208941492177106,18.2
"[18.2, 18.21)",0.023121386546415088,18.21
"[18.21, 18.22)",0.025525539093965505,18.22
"[18.22, 18.23)",0.0324570147033083,18.23
"[18.23, 18.240000000000002)",0.026904405274609355,18.240000000000002
"[18.240000000000002, 18.25)",0.03229924306604478,18.25
"[18.25, 18.26)",0.027428625499999984,18.26
"[18.26, 18.27)",0.033445167906403915,18.27
"[18.27, 18.28)",0.026067252461883395,18.28
"[18.28, 18.29)",0.023488835431439987,18.29
"[18.29, 18.3)",0.028444773995594686,18.3
"[18.3, 18.31)",0.031128526106532668,18.31
"[18.31, 18.32)",0.024191448542262455,18.32
"[18.32, 18.330000000000002)",0.026131857427530367,18.330000000000002
"[18.330000000000002, 18.34)",0.028304057377040826,18.34
"[18.34, 18.35)",0.026058628075147677,18.35
"[18.35, 18.36)",0.027728144060337547,18.36
"[18.36, 18.37)",0.03396807431940299,18.37
"[18.37, 18.38)",0.02726833688978491,18.38
"[18.38, 18.39)",0.03903622114674555,18.39
"[18.39, 18.400000000000002)",0.03686461948732057,18.400000000000002
"[18.400000000000002, 18.41)",0.035689563321777744,18.41
"[18.41, 18.42)",0.030848731632038846,18.42
"[18.42, 18.43)",0.04073892174423582,18.43
"[18.43, 18.44)",0.032116932559016396,18.44
"[18.44, 18.45)",0.038354890141150434,18.45
"[18.45, 18.46)",0.024315839997395828,18.46
"[18.46, 18.47)",0.03305796325982534,18.47
"[18.47, 18.48)",0.023224211230964478,18.48
"[18.48, 18.490000000000002)",0.037499438558192086,18.490000000000002
"[18.490000000000002, 18.5)",0.02870889244919785,18.5
"[18.5, 18.51)",0.025735815653723428,18.51
"[18.51, 18.52)",0.027418003674235785,18.52
"[18.52, 18.53)",0.026946457909387746,18.53
"[18.53, 18.54)",0.020577989136000008,18.54
"[18.54, 18.55)",0.028392279412831827,18.55
"[18.55, 18.56)",0.016556727918080355,18.56
"[18.56, 18.57)",0.03449641604085362,18.57
"[18.57, 18.580000000000002)",0.03618796841411042,18.580000000000002
"[18.580000000000002, 18.59)",0.020879060628104587,18.59
"[18.59, 18.6)",0.025418289667164164,18.6
"[18.6, 18.61)",0.04164255892147236,18.61
"[18.61, 18.62)",0.025762617869642866,18.62
"[18.62, 18.63)",0.025002022325423725,18.63
"[18.63, 18.64)",0.034136451935802475,18.64
"[18.64, 18.650000000000002)",0.031480798122666666,18.650000000000002
"[18.650000000000002, 18.66)",0.02511320666463413,18.66
"[18.66, 18.67)",0.02128030173612904,18.67
"[18.67, 18.68)",0.02130401194630874,18.68
"[18.68, 18.69)",0.03026547355033558,18.69
"[18.69, 18.7)",0.026021285638993714,18.7
"[18.7, 18.71)",0.042513579232098746,18.71
"[18.71, 18.72)",0.023113209387919484,18.72
"[18.72, 18.73)",0.021971632145569645,18.73
"[18.73, 18.740000000000002)",0.023189430445270276,18.740000000000002
"[18.740000000000002, 18.75)",0.02654606989517241,18.75
"[18.75, 18.76)",0.026565136659999985,18.76
"[18.76, 18.77)",0.028672177401129952,18.77
"[18.77, 18.78)",0.031886809348979604,18.78
"[18.78, 18.79)",0.031572422333333336,18.79
"[18.79, 18.8)",0.02801509534166667,18.8
"[18.8, 18.81)",0.02959725009428572,18.81
"[18.81, 18.82)",0.0331880159630137,18.82
"[18.82, 18.830000000000002)",0.02489249237289157,18.830000000000002
"[18.830000000000002, 18.84)",0.025913592104,18.84
"[18.84, 18.85)",0.02223356803067114,18.85
"[18.85, 18.86)",0.03054172865367232,18.86
"[18.86, 18.87)",0.030853941940740735,18.87
"[18.87, 18.88)",0.035101832475301194,18.88
"[18.88, 18.89)",0.023724479978417253,18.89
"[18.89, 18.900000000000002)",0.018008996871093755,18.900000000000002
"[18.900000000000002, 18.91)",0.02129465150550337,18.91
"[18.91, 18.92)",0.030056055961357155,18.92
"[18.92, 18.93)",0.03157164109281048,18.93
"[18.93, 18.94)",0.02571844372987015,18.94
"[18.94, 18.95)",0.03530435113422817,18.95
"[18.95, 18.96)",0.028689963158400014,18.96
"[18.96, 18.97)",0.01841062009375,18.97
"[18.97, 18.98)",0.032414466374045804,18.98
"[18.98, 18.990000000000002)",0.031086110136111136,18.990000000000002
"[18.990000000000002, 19.0)",0.022349195650000004,19.0
"[19.0, 19.01)",0.02175857459154929,19.01
"[19.01, 19.02)",0.027123095606578978,19.02
"[19.02, 19.03)",0.027324180516510078,19.03
"[19.03, 19.04)",0.028746768124409447,19.04
"[19.04, 19.05)",0.03320552947985615,19.05
"[19.05, 19.06)",0.030467665312500013,19.06
"[19.06, 19.07)",0.02121391922222223,19.07
"[19.07, 19.080000000000002)",0.022375690054676264,19.080000000000002
"[19.080000000000002, 19.09)",0.03493797551506849,19.09
"[19.09, 19.1)",0.03187688638711656,19.1
"[19.1, 19.11)",0.022714706014179114,19.11
"[19.11, 19.12)",0.024111242806399986,19.12
"[19.12, 19.13)",0.028816753471983477,19.13
"[19.13, 19.14)",0.04240867075225224,19.14
"[19.14, 19.150000000000002)",0.021623655828205142,19.150000000000002
"[19.150000000000002, 19.16)",0.03456780823000001,19.16
"[19.16, 19.17)",0.03138814112658228,19.17
"[19.17, 19.18)",0.026089569911235958,19.18
"[19.18, 19.19)",0.030462996102504504,19.19
"[19.19, 19.2)",0.02461450885054945,19.2
"[19.2, 19.21)",0.02926429623365384,19.21
"[19.21, 19.22)",0.011186496654945048,19.22
"[19.22, 19.23)",0.02203452840561799,19.23
"[19.23, 19.240000000000002)",0.023832217265294123,19.240000000000002
"[19.240000000000002, 19.25)",0.041184915743157885,19.25
"[19.25, 19.26)",0.024263393483720936,19.26
"[19.26, 19.27)",0.013739020545729175,19.27
"[19.27, 19.28)",0.024360991452843143,19.28
"[19.28, 19.29)",0.026997171809922484,19.29
"[19.29, 19.3)",0.026130285342689075,19.3
"[19.3, 19.31)",0.024409091102000003,19.31
"[19.31, 19.32)",0.01834431545441175,19.32
"[19.32, 19.330000000000002)",0.02520455726425,19.330000000000002
"[19.330000000000002, 19.34)",0.032793440647765924,19.34
"[19.34, 19.35)",0.031239399565882356,19.35
"[19.35, 19.36)",0.02517465385454546,19.36
"[19.36, 19.37)",0.0309037622475,19.37
"[19.37, 19.38)",0.020785419662222217,19.38
"[19.38, 19.39)",0.02486133227368421,19.39
"[19.39, 19.400000000000002)",0.01788277165909091,19.400000000000002
"[19.400000000000002, 19.41)",0.026333133257142857,19.41
"[19.41, 19.42)",0.0294289854871795,19.42
"[19.42, 19.43)",0.06149849820370371,19.43
"[19.43, 19.44)",0.022750398764705887,19.44
"[19.44, 19.45)",0.017119731073170733,19.45
"[19.45, 19.46)",0.02814573237037037,19.46
"[19.46, 19.47)",0.04314122431111112,19.47
"[19.47, 19.48)",0.03141597915909091,19.48
"[19.48, 19.490000000000002)",0.039205881269565215,19.490000000000002
"[19.490000000000002, 19.5)",0.011489615625000003,19.5
"[19.5, 19.51)",0.026029167458064516,19.51
"[19.51, 19.52)",0.03432571766666667,19.52
"[19.52, 19.53)",0.02141267446730769,19.53
"[19.53, 19.54)",0.024158246592307694,19.54
"[19.54, 19.55)",0.027577864846153856,19.55
"[19.55, 19.56)",0.04301693866666667,19.56
"[19.56, 19.57)",0.037335018500000004,19.57
"[19.57, 19.580000000000002)",0.007870011350000001,19.580000000000002
"[19.580000000000002, 19.59)",0.010657965555555557,19.59
"[19.59, 19.6)",0.057635338571428565,19.6
"[19.6, 19.61)",0.008980790666666667,19.61
"[19.61, 19.62)",0.006742312499999999,19.62
"[19.62, 19.63)",0.035527156846153846,19.63
"[19.63, 19.64)",0.020107288,19.64
"[19.64, 19.650000000000002)",0.013303338000000001,19.650000000000002
