JobID,JobName,TotalCPU,MaxRSS,Elapsed
6417541,remove_X,42:22.868,14494852K,00:42:57
6417542,remove_chm13,39:37.660,17401524K,00:44:21
6417543_1,split_chr,05:16.379,2949504K,00:05:19
6417543_10,split_chr,05:01.583,4723128K,00:05:04
6417543_11,split_chr,02:34.310,1712432K,00:02:36
6417543_12,split_chr,02:33.691,1521848K,00:02:35
6417543_13,split_chr,01:41.034,469828K,00:01:42
6417543_14,split_chr,02:05.694,1266952K,00:02:07
6417543_15,split_chr,04:29.574,3107296K,00:04:32
6417543_16,split_chr,04:17.939,3142964K,00:04:20
6417543_17,split_chr,02:40.274,1980164K,00:02:42
6417543_18,split_chr,01:10.840,378296K,00:01:12
6417543_19,split_chr,02:09.690,2211924K,00:02:11
6417543_2,split_chr,05:00.895,1067684K,00:05:04
6417543_20,split_chr,01:42.827,1665036K,00:01:44
6417543_21,split_chr,00:46.941,280892K,00:00:48
6417543_22,split_chr,01:50.732,1556596K,00:01:52
6417543_3,split_chr,03:20.727,1080424K,00:03:23
6417543_4,split_chr,03:42.738,1345440K,00:03:45
6417543_5,split_chr,06:19.324,5384208K,00:06:23
6417543_6,split_chr,03:02.471,813964K,00:03:05
6417543_7,split_chr,05:34.142,2927348K,00:05:38
6417543_8,split_chr,04:07.727,2554988K,00:04:10
6417543_9,split_chr,04:44.517,5997712K,00:04:47
6421366_1,get_num_alleles,00:11.020,353320K,00:00:12
6421366_10,get_num_alleles,00:10.446,442736K,00:00:11
6421366_11,get_num_alleles,00:05.277,155868K,00:00:05
6421366_12,get_num_alleles,00:05.134,153716K,00:00:05
6421366_13,get_num_alleles,00:02.823,82768K,00:00:03
6421366_14,get_num_alleles,00:04.166,160224K,00:00:04
6421366_15,get_num_alleles,00:09.446,441468K,00:00:10
6421366_16,get_num_alleles,00:09.729,427184K,00:00:10
6421366_17,get_num_alleles,00:05.914,239960K,00:00:06
6421366_18,get_num_alleles,00:02.001,50180K,00:00:02
6421366_19,get_num_alleles,00:05.707,191360K,00:00:06
6421366_2,get_num_alleles,00:08.425,286216K,00:00:09
6421366_20,get_num_alleles,00:04.179,144936K,00:00:04
6421366_21,get_num_alleles,00:01.432,46352K,00:00:01
6421366_22,get_num_alleles,00:03.790,168660K,00:00:04
6421366_3,get_num_alleles,00:05.693,152680K,00:00:06
6421366_4,get_num_alleles,00:06.903,203900K,00:00:07
6421366_5,get_num_alleles,00:12.365,498436K,00:00:13
6421366_6,get_num_alleles,00:04.487,119748K,00:00:05
6421366_7,get_num_alleles,00:12.082,449956K,00:00:12
6421366_8,get_num_alleles,00:09.231,335848K,00:00:09
6421366_9,get_num_alleles,00:11.465,442576K,00:00:12
6421415_1,get_blocks,06:03.836,9536740K,00:06:09
6421415_10,get_blocks,04:07.836,5915444K,00:04:11
6421415_11,get_blocks,04:06.850,5987520K,00:04:10
6421415_12,get_blocks,03:51.817,5727572K,00:03:55
6421415_13,get_blocks,02:52.487,4243548K,00:02:55
6421415_14,get_blocks,02:37.988,3932024K,00:02:40
6421415_15,get_blocks,02:18.123,3586416K,00:02:20
6421415_16,get_blocks,02:26.577,3975852K,00:02:28
6421415_17,get_blocks,02:03.676,3440608K,00:02:04
6421415_18,get_blocks,02:06.797,3363112K,00:02:08
6421415_19,get_blocks,01:48.851,2727892K,00:01:50
6421415_2,get_blocks,06:36.188,10423340K,00:06:41
6421415_20,get_blocks,01:32.788,2684060K,00:01:34
6421415_21,get_blocks,01:02.912,1656600K,00:01:04
6421415_22,get_blocks,01:01.775,1649776K,00:01:02
6421415_3,get_blocks,05:53.117,8610156K,00:05:57
6421415_4,get_blocks,06:00.092,8529140K,00:06:05
6421415_5,get_blocks,05:03.905,7760632K,00:05:07
6421415_6,get_blocks,06:38.419,7501700K,00:06:42
6421415_7,get_blocks,04:40.619,6973524K,00:04:43
6421415_8,get_blocks,04:32.674,6772228K,00:04:36
6421415_9,get_blocks,03:32.944,5256152K,00:03:36
6421416_1,convert_2_npy,03:43:58,82194524K,03:45:15
6421416_10,convert_2_npy,01:09:38,42760536K,01:09:59
6421416_11,convert_2_npy,01:10:28,63542956K,01:10:50
6421416_12,convert_2_npy,01:07:36,41111924K,01:07:56
6421416_13,convert_2_npy,50:03.008,30958728K,00:50:19
6421416_14,convert_2_npy,45:54.821,43337636K,00:46:09
6421416_15,convert_2_npy,42:25.728,41361716K,00:42:40
6421416_16,convert_2_npy,46:45.081,53345660K,00:47:01
6421416_17,convert_2_npy,40:35.348,23215232K,00:40:47
6421416_18,convert_2_npy,38:58.723,32863240K,00:39:10
6421416_19,convert_2_npy,32:19.754,36219040K,00:32:31
6421416_2,convert_2_npy,03:58:02,82195000K,03:59:09
6421416_20,convert_2_npy,31:27.323,26798220K,00:31:37
6421416_21,convert_2_npy,19:32.291,11072528K,00:19:39
6421416_22,convert_2_npy,19:22.620,11581916K,00:19:29
6421416_3,convert_2_npy,03:33:29,82196148K,03:34:27
6421416_4,convert_2_npy,03:32:54,82196696K,03:33:52
6421416_5,convert_2_npy,03:23:31,73530736K,03:24:24
6421416_6,convert_2_npy,03:18:03,82144992K,03:18:55
6421416_7,convert_2_npy,03:06:08,82196056K,03:06:57
6421416_8,convert_2_npy,01:19:47,77938884K,01:20:11
6421416_9,convert_2_npy,01:02:40,41551144K,01:02:59
6421417_1,get_mappings,06:33.134,5090552K,00:06:36
6421417_10,get_mappings,04:03.209,3927340K,00:04:05
6421417_11,get_mappings,03:57.084,2429788K,00:03:59
6421417_12,get_mappings,03:43.626,2425532K,00:03:45
6421417_13,get_mappings,02:43.116,1628232K,00:02:44
6421417_14,get_mappings,02:32.315,1930528K,00:02:33
6421417_15,get_mappings,02:26.244,2746324K,00:02:27
6421417_16,get_mappings,02:39.729,2909480K,00:02:41
6421417_17,get_mappings,02:16.511,1902416K,00:02:17
6421417_18,get_mappings,02:08.378,1206916K,00:02:09
6421417_19,get_mappings,01:50.711,1695752K,00:01:51
6421417_2,get_mappings,06:58.763,4857892K,00:07:02
6421417_20,get_mappings,01:45.713,1382000K,00:01:46
6421417_21,get_mappings,01:03.780,749324K,00:01:04
6421417_22,get_mappings,01:07.847,1194492K,00:01:08
6421417_3,get_mappings,05:35.813,3683260K,00:05:38
6421417_4,get_mappings,05:35.510,3741780K,00:05:38
6421417_5,get_mappings,05:13.287,4446352K,00:05:15
6421417_6,get_mappings,04:55.638,2553916K,00:04:58
6421417_7,get_mappings,04:53.255,3737440K,00:04:55
6421417_8,get_mappings,04:33.180,3385068K,00:04:35
6421417_9,get_mappings,03:44.408,3718952K,00:03:46
6424473_1,seg_blocks,02:38.896,390720K,00:02:43
6424473_10,seg_blocks,06:09.276,258316K,00:06:12
6424473_11,seg_blocks,05:41.032,237144K,00:05:44
6424473_12,seg_blocks,05:39.823,238808K,00:05:43
6424473_13,seg_blocks,00:51.507,132484K,00:00:52
6424473_14,seg_blocks,00:44.057,164584K,00:00:45
6424473_15,seg_blocks,00:46.024,169092K,00:00:47
6424473_16,seg_blocks,00:52.090,157236K,00:00:53
6424473_17,seg_blocks,00:47.738,149300K,00:00:49
6424473_18,seg_blocks,00:32.876,165408K,00:00:34
6424473_19,seg_blocks,00:20.439,42492K,00:00:21
6424473_2,seg_blocks,04:31.804,404776K,00:04:34
6424473_20,seg_blocks,00:18.584,39208K,00:00:19
6424473_21,seg_blocks,00:09.726,27068K,00:00:10
6424473_22,seg_blocks,00:10.116,27556K,00:00:11
6424473_3,seg_blocks,02:54.627,294816K,00:02:56
6424473_4,seg_blocks,03:10.085,294784K,00:03:12
6424473_5,seg_blocks,07:00.389,302824K,00:07:04
6424473_6,seg_blocks,06:58.177,494440K,00:07:02
6424473_7,seg_blocks,06:58.070,527528K,00:07:02
6424473_8,seg_blocks,06:37.607,276124K,00:06:41
6424473_9,seg_blocks,06:30.084,362248K,00:06:33
6425470_1,get_af,08:11.587,118250492K,00:08:15
6425470_10,get_af,05:37.384,79998328K,00:05:40
6425470_11,get_af,05:56.780,47571144K,00:05:59
6425470_12,get_af,05:30.475,44256312K,00:05:32
6425470_13,get_af,04:07.681,30191168K,00:04:09
6425470_14,get_af,03:45.089,28745112K,00:03:47
6425470_15,get_af,03:28.819,29151384K,00:03:30
6425470_16,get_af,03:39.127,31662964K,00:03:41
6425470_17,get_af,03:16.528,25035464K,00:03:18
6425470_18,get_af,03:36.360,24366672K,00:03:38
6425470_19,get_af,02:52.087,19533448K,00:02:53
6425470_2,get_af,09:21.753,133385884K,00:09:24
6425470_20,get_af,02:29.490,26276524K,00:02:31
6425470_21,get_af,01:30.710,14072272K,00:01:32
6425470_22,get_af,01:31.851,14882628K,00:01:33
6425470_3,get_af,09:45.051,113184504K,00:09:59
6425470_4,get_af,27:57.139,78774196K,00:28:09
6425470_5,get_af,27:56.746,68329312K,00:28:08
6425470_6,get_af,27:53.930,70772916K,00:28:05
6425470_7,get_af,06:51.914,99402688K,00:06:54
6425470_8,get_af,06:18.694,70386348K,00:06:21
6425470_9,get_af,07:56.232,66321212K,00:07:59
6425471_1,get_pmi_weights,21:31.879,13756848K,00:21:40
6425471_10,get_pmi_weights,24:11.866,13762448K,00:24:25
6425471_100,get_pmi_weights,20:59.249,12072992K,00:21:07
6425471_101,get_pmi_weights,21:26.071,12888360K,00:21:34
6425471_102,get_pmi_weights,21:04.006,12687728K,00:21:11
6425471_103,get_pmi_weights,21:06.530,13025216K,00:21:14
6425471_104,get_pmi_weights,20:54.771,12788804K,00:21:02
6425471_105,get_pmi_weights,21:49.175,12777164K,00:21:57
6425471_106,get_pmi_weights,20:52.122,13200344K,00:20:59
6425471_107,get_pmi_weights,20:42.255,13045688K,00:20:50
6425471_108,get_pmi_weights,20:46.285,13220084K,00:20:54
6425471_109,get_pmi_weights,22:29.312,12455724K,00:22:37
6425471_11,get_pmi_weights,24:13.395,13758340K,00:24:26
6425471_110,get_pmi_weights,23:12.725,12223664K,00:23:20
6425471_111,get_pmi_weights,23:02.696,13005220K,00:23:10
6425471_112,get_pmi_weights,23:19.214,12831668K,00:23:27
6425471_113,get_pmi_weights,23:27.796,13288092K,00:23:35
6425471_114,get_pmi_weights,23:37.945,12766412K,00:23:46
6425471_115,get_pmi_weights,22:22.327,11510936K,00:22:30
6425471_116,get_pmi_weights,22:43.772,12068152K,00:22:51
6425471_117,get_pmi_weights,23:15.461,13262684K,00:23:23
6425471_118,get_pmi_weights,23:28.844,13481884K,00:23:36
6425471_119,get_pmi_weights,22:47.239,12399208K,00:22:55
6425471_12,get_pmi_weights,24:40.029,13765612K,00:24:53
6425471_120,get_pmi_weights,23:23.402,12522532K,00:23:31
6425471_121,get_pmi_weights,22:22.148,12628676K,00:22:29
6425471_122,get_pmi_weights,23:04.375,12612056K,00:23:12
6425471_123,get_pmi_weights,22:57.393,11725936K,00:23:05
6425471_124,get_pmi_weights,22:03.082,11661616K,00:22:10
6425471_125,get_pmi_weights,21:39.479,13863960K,00:21:47
6425471_126,get_pmi_weights,23:01.825,13700796K,00:23:09
6425471_127,get_pmi_weights,23:12.137,11315848K,00:23:20
6425471_128,get_pmi_weights,23:18.387,11354448K,00:23:27
6425471_129,get_pmi_weights,23:12.266,11370752K,00:23:20
6425471_13,get_pmi_weights,23:03.828,15865772K,00:24:07
6425471_130,get_pmi_weights,23:04.955,11264608K,00:23:13
6425471_131,get_pmi_weights,23:13.341,11644172K,00:23:21
6425471_132,get_pmi_weights,23:12.039,11267700K,00:23:20
6425471_133,get_pmi_weights,23:50.148,9128644K,00:23:58
6425471_134,get_pmi_weights,23:40.121,9204452K,00:23:47
6425471_135,get_pmi_weights,23:40.423,10563000K,00:23:48
6425471_136,get_pmi_weights,23:36.322,10525756K,00:23:44
6425471_137,get_pmi_weights,24:44.197,10278616K,00:24:52
6425471_138,get_pmi_weights,23:41.171,10358240K,00:23:49
6425471_139,get_pmi_weights,24:27.426,10488124K,00:24:35
6425471_14,get_pmi_weights,23:06.518,15531504K,00:23:14
6425471_140,get_pmi_weights,23:27.948,9545704K,00:23:35
6425471_141,get_pmi_weights,23:27.657,10411612K,00:23:36
6425471_142,get_pmi_weights,22:37.476,9320476K,00:22:44
6425471_143,get_pmi_weights,21:41.888,10690132K,00:21:48
6425471_144,get_pmi_weights,22:31.013,9322060K,00:22:38
6425471_145,get_pmi_weights,22:39.477,9318832K,00:22:46
6425471_146,get_pmi_weights,22:13.751,9128956K,00:22:21
6425471_147,get_pmi_weights,22:14.958,9129388K,00:22:22
6425471_148,get_pmi_weights,22:21.571,9129784K,00:22:29
6425471_149,get_pmi_weights,22:28.971,9129240K,00:22:36
6425471_15,get_pmi_weights,23:36.176,16219712K,00:23:44
6425471_150,get_pmi_weights,21:53.713,9129732K,00:22:01
6425471_151,get_pmi_weights,22:11.064,9128548K,00:22:18
6425471_152,get_pmi_weights,22:33.818,9129076K,00:22:41
6425471_153,get_pmi_weights,22:59.068,10171328K,00:23:07
6425471_154,get_pmi_weights,22:24.995,9646860K,00:22:32
6425471_155,get_pmi_weights,22:34.631,9918076K,00:22:42
6425471_156,get_pmi_weights,22:57.294,9865644K,00:23:05
6425471_157,get_pmi_weights,22:38.436,9848276K,00:22:46
6425471_158,get_pmi_weights,22:21.662,9792988K,00:22:29
6425471_159,get_pmi_weights,22:59.317,9962252K,00:23:07
6425471_16,get_pmi_weights,22:46.403,16178772K,00:22:54
6425471_160,get_pmi_weights,22:39.445,10359784K,00:22:47
6425471_161,get_pmi_weights,23:09.802,9333928K,00:23:18
6425471_162,get_pmi_weights,23:10.168,9216520K,00:23:18
6425471_163,get_pmi_weights,22:50.799,9604832K,00:22:58
6425471_164,get_pmi_weights,22:39.163,9533828K,00:22:47
6425471_165,get_pmi_weights,22:06.854,9533956K,00:22:14
6425471_166,get_pmi_weights,23:21.348,9566080K,00:23:29
6425471_167,get_pmi_weights,22:55.740,9650272K,00:23:03
6425471_168,get_pmi_weights,22:37.365,9621392K,00:22:45
6425471_169,get_pmi_weights,22:22.822,9969080K,00:22:30
6425471_17,get_pmi_weights,23:07.129,13879024K,00:23:15
6425471_170,get_pmi_weights,22:42.808,9788380K,00:22:50
6425471_171,get_pmi_weights,22:28.154,9939756K,00:22:36
6425471_172,get_pmi_weights,23:26.040,9136296K,00:23:34
6425471_173,get_pmi_weights,23:42.977,9728304K,00:23:51
6425471_174,get_pmi_weights,23:25.872,9138032K,00:23:34
6425471_175,get_pmi_weights,23:08.618,10425200K,00:23:16
6425471_176,get_pmi_weights,23:11.052,9462952K,00:23:19
6425471_177,get_pmi_weights,20:42.279,10228764K,00:20:49
6425471_178,get_pmi_weights,21:02.426,10721672K,00:21:09
6425471_179,get_pmi_weights,24:31.047,11068728K,00:24:39
6425471_18,get_pmi_weights,22:59.438,14847528K,00:23:07
6425471_180,get_pmi_weights,24:47.935,11646164K,00:24:56
6425471_181,get_pmi_weights,21:07.247,9911876K,00:21:14
6425471_182,get_pmi_weights,21:21.513,10299740K,00:21:29
6425471_183,get_pmi_weights,21:07.594,9912868K,00:21:15
6425471_184,get_pmi_weights,24:18.923,11074396K,00:24:27
6425471_185,get_pmi_weights,20:56.602,10451644K,00:21:04
6425471_186,get_pmi_weights,20:50.447,11962656K,00:20:57
6425471_187,get_pmi_weights,20:39.726,11688404K,00:20:47
6425471_188,get_pmi_weights,20:46.959,11759812K,00:20:54
6425471_189,get_pmi_weights,20:04.874,10943648K,00:20:12
6425471_19,get_pmi_weights,23:23.826,14928508K,00:23:32
6425471_190,get_pmi_weights,21:40.305,10588268K,00:21:47
6425471_191,get_pmi_weights,21:35.009,9908588K,00:21:42
6425471_192,get_pmi_weights,21:25.410,10790352K,00:21:32
6425471_193,get_pmi_weights,20:26.138,10082676K,00:20:33
6425471_194,get_pmi_weights,21:01.793,10032156K,00:21:09
6425471_195,get_pmi_weights,20:40.513,10773568K,00:20:46
6425471_196,get_pmi_weights,20:03.851,11971868K,00:20:11
6425471_197,get_pmi_weights,20:13.719,11662472K,00:20:20
6425471_198,get_pmi_weights,20:23.493,10692604K,00:20:30
6425471_199,get_pmi_weights,20:32.997,10719208K,00:20:40
6425471_2,get_pmi_weights,21:55.632,13774428K,00:22:04
6425471_20,get_pmi_weights,23:00.351,14980960K,00:23:08
6425471_200,get_pmi_weights,20:36.729,11067320K,00:20:44
6425471_201,get_pmi_weights,20:32.210,11501648K,00:20:38
6425471_202,get_pmi_weights,20:52.186,11696692K,00:20:58
6425471_203,get_pmi_weights,20:14.473,10332108K,00:20:20
6425471_204,get_pmi_weights,20:16.141,10626432K,00:20:21
6425471_205,get_pmi_weights,19:53.489,10613484K,00:19:59
6425471_206,get_pmi_weights,20:05.907,10546524K,00:20:11
6425471_21,get_pmi_weights,22:51.560,14045876K,00:22:59
6425471_22,get_pmi_weights,22:57.024,14987168K,00:23:05
6425471_225,get_pmi_weights,20:14.959,9983008K,00:20:21
6425471_226,get_pmi_weights,18:56.350,11170752K,00:19:02
6425471_227,get_pmi_weights,19:23.306,11630736K,00:19:29
6425471_228,get_pmi_weights,18:57.034,11822508K,00:19:02
6425471_229,get_pmi_weights,18:33.534,11763132K,00:18:39
6425471_23,get_pmi_weights,23:14.818,14959192K,00:23:23
6425471_230,get_pmi_weights,18:56.165,11883264K,00:19:02
6425471_231,get_pmi_weights,18:31.967,9934988K,00:18:37
6425471_232,get_pmi_weights,18:51.051,10039276K,00:18:56
6425471_233,get_pmi_weights,18:52.408,10861776K,00:18:58
6425471_234,get_pmi_weights,19:27.693,10678536K,00:19:33
6425471_235,get_pmi_weights,18:32.524,11223192K,00:18:38
6425471_236,get_pmi_weights,19:02.637,11393544K,00:19:08
6425471_237,get_pmi_weights,18:47.494,11466684K,00:18:53
6425471_238,get_pmi_weights,18:22.866,11728004K,00:18:28
6425471_239,get_pmi_weights,18:50.156,11599032K,00:18:55
6425471_24,get_pmi_weights,22:40.509,15258032K,00:22:48
6425471_240,get_pmi_weights,18:24.744,10788532K,00:18:30
6425471_241,get_pmi_weights,18:41.814,10773448K,00:18:47
6425471_242,get_pmi_weights,18:36.837,10684588K,00:18:42
6425471_243,get_pmi_weights,22:11.417,11793516K,00:22:19
6425471_244,get_pmi_weights,22:23.380,10215056K,00:22:23
6425471_245,get_pmi_weights,22:08.693,10521076K,00:22:11
6425471_246,get_pmi_weights,23:17.081,11091412K,00:23:24
6425471_247,get_pmi_weights,22:24.703,11598040K,00:22:32
6425471_248,get_pmi_weights,22:32.630,10458768K,00:22:33
6425471_249,get_pmi_weights,22:12.935,10382116K,00:22:15
6425471_25,get_pmi_weights,23:27.329,16551348K,00:23:35
6425471_250,get_pmi_weights,22:34.862,11041880K,00:22:37
6425471_251,get_pmi_weights,22:25.995,10772244K,00:22:24
6425471_252,get_pmi_weights,22:43.197,10398456K,00:22:49
6425471_253,get_pmi_weights,22:42.779,10913632K,00:22:45
6425471_254,get_pmi_weights,22:59.441,10581596K,00:23:07
6425471_255,get_pmi_weights,22:34.864,10864824K,00:22:42
6425471_256,get_pmi_weights,22:47.299,10624720K,00:22:53
6425471_257,get_pmi_weights,22:44.227,11294732K,00:22:52
6425471_258,get_pmi_weights,21:55.462,10911600K,00:21:58
6425471_259,get_pmi_weights,22:18.238,11204548K,00:22:19
6425471_26,get_pmi_weights,22:53.156,17360776K,00:23:01
6425471_260,get_pmi_weights,22:31.963,11392456K,00:22:34
6425471_261,get_pmi_weights,18:54.391,11076208K,00:19:00
6425471_262,get_pmi_weights,19:09.767,10545628K,00:19:15
6425471_263,get_pmi_weights,19:04.755,11440992K,00:19:10
6425471_264,get_pmi_weights,19:31.106,11208232K,00:19:37
6425471_265,get_pmi_weights,19:06.953,12198004K,00:19:13
6425471_266,get_pmi_weights,19:11.500,11039144K,00:19:17
6425471_267,get_pmi_weights,19:15.971,12310124K,00:19:22
6425471_268,get_pmi_weights,18:49.399,13132092K,00:18:55
6425471_269,get_pmi_weights,19:38.483,12138924K,00:19:44
6425471_27,get_pmi_weights,22:38.967,16471164K,00:22:47
6425471_270,get_pmi_weights,19:26.298,12369104K,00:19:32
6425471_271,get_pmi_weights,18:58.206,13084892K,00:19:04
6425471_272,get_pmi_weights,19:47.153,13120004K,00:19:53
6425471_273,get_pmi_weights,19:09.482,13409088K,00:19:15
6425471_274,get_pmi_weights,19:14.158,13226176K,00:19:20
6425471_275,get_pmi_weights,18:58.114,12100300K,00:19:04
6425471_276,get_pmi_weights,18:29.320,12572272K,00:18:35
6425471_277,get_pmi_weights,18:24.807,12425948K,00:18:31
6425471_278,get_pmi_weights,18:48.387,12783688K,00:18:54
6425471_279,get_pmi_weights,19:35.819,12912732K,00:19:42
6425471_28,get_pmi_weights,23:11.837,16112868K,00:23:20
6425471_280,get_pmi_weights,19:47.679,12153880K,00:19:53
6425471_281,get_pmi_weights,19:48.511,13420712K,00:19:54
6425471_282,get_pmi_weights,20:25.749,12782680K,00:20:32
6425471_283,get_pmi_weights,19:35.022,13644212K,00:19:41
6425471_284,get_pmi_weights,19:25.628,13286572K,00:19:31
6425471_285,get_pmi_weights,19:47.410,12127284K,00:19:53
6425471_286,get_pmi_weights,19:42.726,12742352K,00:19:49
6425471_287,get_pmi_weights,20:40.795,11731988K,00:20:47
6425471_288,get_pmi_weights,20:39.142,11716876K,00:20:45
6425471_289,get_pmi_weights,20:10.412,12140900K,00:20:16
6425471_29,get_pmi_weights,03:30:50,16597400K,03:31:38
6425471_290,get_pmi_weights,20:27.905,12205380K,00:20:34
6425471_291,get_pmi_weights,20:05.653,12282356K,00:20:12
6425471_292,get_pmi_weights,20:07.035,12306916K,00:20:13
6425471_293,get_pmi_weights,19:35.587,13536004K,00:19:42
6425471_294,get_pmi_weights,19:22.923,13106752K,00:19:29
6425471_295,get_pmi_weights,19:27.203,12628888K,00:19:33
6425471_296,get_pmi_weights,19:21.033,12464916K,00:19:27
6425471_297,get_pmi_weights,19:34.695,13217732K,00:19:41
6425471_298,get_pmi_weights,19:52.071,12719060K,00:19:57
6425471_299,get_pmi_weights,19:34.602,13606812K,00:19:40
6425471_3,get_pmi_weights,21:42.344,13764088K,00:21:51
6425471_30,get_pmi_weights,03:40:17,16607788K,03:41:04
6425471_300,get_pmi_weights,19:45.627,13540400K,00:19:51
6425471_301,get_pmi_weights,19:39.399,12554272K,00:19:45
6425471_302,get_pmi_weights,19:27.785,13006652K,00:19:33
6425471_303,get_pmi_weights,20:02.824,13275036K,00:20:08
6425471_304,get_pmi_weights,19:14.568,12205800K,00:19:20
6425471_305,get_pmi_weights,18:58.639,12712244K,00:19:04
6425471_306,get_pmi_weights,19:44.676,13348968K,00:19:51
6425471_307,get_pmi_weights,19:21.072,13483004K,00:19:27
6425471_308,get_pmi_weights,19:43.057,13608392K,00:19:49
6425471_309,get_pmi_weights,18:01.661,7413804K,00:18:07
6425471_31,get_pmi_weights,03:40:03,16587380K,03:40:49
6425471_310,get_pmi_weights,18:17.715,7468648K,00:18:23
6425471_311,get_pmi_weights,17:40.196,8018904K,00:17:45
6425471_312,get_pmi_weights,17:19.457,8075748K,00:17:25
6425471_313,get_pmi_weights,17:18.107,7927252K,00:17:23
6425471_314,get_pmi_weights,17:22.563,7946772K,00:17:28
6425471_315,get_pmi_weights,16:55.626,7408620K,00:17:01
6425471_316,get_pmi_weights,17:28.290,7606796K,00:17:33
6425471_317,get_pmi_weights,17:43.948,7634880K,00:17:49
6425471_318,get_pmi_weights,17:19.198,7585664K,00:17:24
6425471_319,get_pmi_weights,16:59.098,8017576K,00:17:04
6425471_32,get_pmi_weights,03:39:50,16565464K,03:40:37
6425471_320,get_pmi_weights,17:22.215,7486968K,00:17:27
6425471_321,get_pmi_weights,16:52.225,7136428K,00:16:57
6425471_322,get_pmi_weights,17:18.021,8123104K,00:17:23
6425471_323,get_pmi_weights,17:26.329,8493740K,00:17:31
6425471_324,get_pmi_weights,17:28.265,8642388K,00:17:34
6425471_325,get_pmi_weights,17:15.550,7483348K,00:17:21
6425471_326,get_pmi_weights,17:36.114,7521860K,00:17:41
6425471_327,get_pmi_weights,17:03.139,7660772K,00:17:08
6425471_328,get_pmi_weights,17:50.706,7825876K,00:17:56
6425471_329,get_pmi_weights,17:23.065,7415912K,00:17:28
6425471_33,get_pmi_weights,03:39:47,16566188K,03:40:33
6425471_330,get_pmi_weights,16:52.213,7633436K,00:16:57
6425471_331,get_pmi_weights,16:57.984,8073356K,00:17:03
6425471_332,get_pmi_weights,17:24.466,7564460K,00:17:30
6425471_333,get_pmi_weights,16:32.592,8425480K,00:16:37
6425471_334,get_pmi_weights,16:59.047,8142432K,00:17:03
6425471_335,get_pmi_weights,16:38.703,7415780K,00:16:43
6425471_336,get_pmi_weights,16:38.507,8395768K,00:16:43
6425471_337,get_pmi_weights,16:45.446,7565152K,00:16:50
6425471_338,get_pmi_weights,16:16.365,7769920K,00:16:21
6425471_339,get_pmi_weights,16:58.328,7455964K,00:17:03
6425471_34,get_pmi_weights,03:39:45,16607596K,03:40:31
6425471_340,get_pmi_weights,16:56.591,7415464K,00:17:01
6425471_341,get_pmi_weights,16:57.584,7415412K,00:17:03
6425471_342,get_pmi_weights,16:37.756,7421372K,00:16:43
6425471_343,get_pmi_weights,16:27.157,7407228K,00:16:32
6425471_344,get_pmi_weights,16:39.117,7241.50M,00:16:44
6425471_345,get_pmi_weights,16:35.964,7413960K,00:16:41
6425471_346,get_pmi_weights,16:36.819,7413872K,00:16:42
6425471_347,get_pmi_weights,16:12.995,7415356K,00:16:18
6425471_348,get_pmi_weights,16:32.347,7737092K,00:16:37
6425471_349,get_pmi_weights,16:52.286,8176256K,00:16:57
6425471_35,get_pmi_weights,03:39:56,16602964K,03:40:42
6425471_350,get_pmi_weights,16:46.787,7755628K,00:16:52
6425471_351,get_pmi_weights,17:24.888,8180048K,00:17:31
6425471_352,get_pmi_weights,17:45.915,8335796K,00:17:51
6425471_353,get_pmi_weights,14:35.443,8490592K,00:14:40
6425471_354,get_pmi_weights,14:54.593,10144068K,00:14:59
6425471_355,get_pmi_weights,14:32.646,8815396K,00:14:37
6425471_356,get_pmi_weights,14:30.984,10174612K,00:14:35
6425471_357,get_pmi_weights,14:19.366,9038760K,00:14:24
6425471_358,get_pmi_weights,14:20.668,8487576K,00:14:26
6425471_359,get_pmi_weights,14:41.510,9260584K,00:14:46
6425471_36,get_pmi_weights,03:39:43,16607652K,03:40:30
6425471_360,get_pmi_weights,14:37.965,8488224K,00:14:43
6425471_361,get_pmi_weights,14:35.805,8488776K,00:14:40
6425471_362,get_pmi_weights,14:31.207,8682512K,00:14:36
6425471_363,get_pmi_weights,14:55.101,8858464K,00:15:00
6425471_364,get_pmi_weights,14:49.821,8960056K,00:14:54
6425471_365,get_pmi_weights,14:39.105,10325932K,00:14:44
6425471_366,get_pmi_weights,14:01.394,10572564K,00:14:06
6425471_367,get_pmi_weights,14:06.859,10693416K,00:14:12
6425471_368,get_pmi_weights,14:01.963,10722680K,00:14:07
6425471_369,get_pmi_weights,14:19.914,9251480K,00:14:25
6425471_37,get_pmi_weights,03:39:45,16604720K,03:40:32
6425471_370,get_pmi_weights,14:20.656,8587528K,00:14:25
6425471_371,get_pmi_weights,14:30.398,9253564K,00:14:35
6425471_372,get_pmi_weights,14:10.089,8782.50M,00:14:14
6425471_373,get_pmi_weights,14:15.545,9792776K,00:14:20
6425471_374,get_pmi_weights,14:30.684,8685516K,00:14:35
6425471_375,get_pmi_weights,14:33.951,10154592K,00:14:38
6425471_376,get_pmi_weights,14:24.326,9197460K,00:14:29
6425471_377,get_pmi_weights,14:36.066,8478024K,00:14:41
6425471_378,get_pmi_weights,14:46.770,8488760K,00:14:52
6425471_379,get_pmi_weights,14:39.539,8488880K,00:14:44
6425471_38,get_pmi_weights,03:40:04,16605788K,03:40:51
6425471_380,get_pmi_weights,14:50.113,8486132K,00:14:55
6425471_381,get_pmi_weights,14:59.590,8718676K,00:15:04
6425471_382,get_pmi_weights,14:35.092,8681460K,00:14:40
6425471_383,get_pmi_weights,14:32.871,9921984K,00:14:37
6425471_384,get_pmi_weights,14:11.275,10558332K,00:14:16
6425471_385,get_pmi_weights,14:35.576,10291432K,00:14:40
6425471_386,get_pmi_weights,14:14.789,10457932K,00:14:19
6425471_387,get_pmi_weights,13:18.108,8495420K,00:13:22
6425471_388,get_pmi_weights,12:45.100,8505036K,00:12:49
6425471_389,get_pmi_weights,13:26.731,8512696K,00:13:31
6425471_39,get_pmi_weights,03:39:50,16604800K,03:40:39
6425471_390,get_pmi_weights,13:20.104,8510696K,00:13:24
6425471_391,get_pmi_weights,13:08.672,8488160K,00:13:13
6425471_392,get_pmi_weights,13:11.243,8487956K,00:13:15
6425471_393,get_pmi_weights,13:08.483,8488540K,00:13:13
6425471_394,get_pmi_weights,12:58.758,8487728K,00:13:03
6425471_395,get_pmi_weights,13:08.031,8488296K,00:13:12
6425471_396,get_pmi_weights,12:58.983,8484248K,00:13:03
6425471_397,get_pmi_weights,14:28.425,7453448K,00:14:33
6425471_398,get_pmi_weights,14:16.346,7281.50M,00:14:21
6425471_399,get_pmi_weights,14:44.618,7401792K,00:14:49
6425471_4,get_pmi_weights,22:37.504,13762784K,00:22:46
6425471_40,get_pmi_weights,03:39:59,16511552K,03:40:45
6425471_400,get_pmi_weights,14:28.639,7420040K,00:14:33
6425471_401,get_pmi_weights,14:39.251,7401656K,00:14:44
6425471_402,get_pmi_weights,14:11.719,8631564K,00:14:16
6425471_403,get_pmi_weights,14:45.975,7506116K,00:14:51
6425471_404,get_pmi_weights,14:44.470,7402764K,00:14:49
6425471_405,get_pmi_weights,14:31.836,7454708K,00:14:36
6425471_406,get_pmi_weights,14:32.448,7610132K,00:14:37
6425471_407,get_pmi_weights,14:30.650,7401064K,00:14:36
6425471_408,get_pmi_weights,14:18.509,7400940K,00:14:23
6425471_409,get_pmi_weights,14:44.871,7426924K,00:14:49
6425471_41,get_pmi_weights,03:40:09,16602296K,03:40:56
6425471_410,get_pmi_weights,14:25.058,7401892K,00:14:30
6425471_411,get_pmi_weights,14:39.663,7399560K,00:14:44
6425471_412,get_pmi_weights,14:35.832,7403076K,00:14:40
6425471_413,get_pmi_weights,14:27.279,7627992K,00:14:32
6425471_414,get_pmi_weights,14:21.609,7451084K,00:14:26
6425471_415,get_pmi_weights,14:30.781,8081196K,00:14:36
6425471_416,get_pmi_weights,14:48.280,7400824K,00:14:53
6425471_417,get_pmi_weights,14:26.416,7404512K,00:14:30
6425471_418,get_pmi_weights,14:36.249,7401528K,00:14:40
6425471_419,get_pmi_weights,14:27.612,7419340K,00:14:32
6425471_42,get_pmi_weights,03:39:46,16487380K,03:40:32
6425471_420,get_pmi_weights,14:59.338,7677920K,00:15:04
6425471_421,get_pmi_weights,14:29.863,8140084K,00:14:34
6425471_422,get_pmi_weights,14:31.707,8012604K,00:14:36
6425471_423,get_pmi_weights,14:19.211,7401736K,00:14:23
6425471_424,get_pmi_weights,14:24.009,7401100K,00:14:28
6425471_425,get_pmi_weights,14:29.218,7403692K,00:14:33
6425471_426,get_pmi_weights,14:38.695,7403776K,00:14:43
6425471_427,get_pmi_weights,14:26.636,7402132K,00:14:31
6425471_428,get_pmi_weights,14:17.808,7404300K,00:14:22
6425471_429,get_pmi_weights,14:38.678,7402964K,00:14:43
6425471_43,get_pmi_weights,23:02.654,14443248K,00:23:10
6425471_430,get_pmi_weights,14:42.916,7403460K,00:14:47
6425471_431,get_pmi_weights,14:46.076,7401760K,00:14:50
6425471_432,get_pmi_weights,15:00.349,7401288K,00:15:05
6425471_433,get_pmi_weights,15:19.105,7402020K,00:15:24
6425471_434,get_pmi_weights,14:33.590,7398184K,00:14:37
6425471_435,get_pmi_weights,14:10.859,7903424K,00:14:15
6425471_436,get_pmi_weights,14:12.262,8262980K,00:14:16
6425471_437,get_pmi_weights,14:08.058,8416688K,00:14:12
6425471_438,get_pmi_weights,14:39.448,7417924K,00:14:43
6425471_439,get_pmi_weights,14:35.252,7402400K,00:14:39
6425471_44,get_pmi_weights,23:05.506,13850160K,00:23:13
6425471_440,get_pmi_weights,14:28.159,7419508K,00:14:32
6425471_441,get_pmi_weights,14:16.855,6430900K,00:14:21
6425471_442,get_pmi_weights,14:38.702,6639416K,00:14:43
6425471_443,get_pmi_weights,14:33.607,6379376K,00:14:38
6425471_444,get_pmi_weights,14:35.615,6309108K,00:14:40
6425471_445,get_pmi_weights,14:33.666,6330176K,00:14:38
6425471_446,get_pmi_weights,14:27.449,6350744K,00:14:32
6425471_447,get_pmi_weights,14:28.909,7095852K,00:14:33
6425471_448,get_pmi_weights,13:58.099,6344280K,00:14:03
6425471_449,get_pmi_weights,14:08.332,6395920K,00:14:12
6425471_45,get_pmi_weights,25:50.392,11218744K,00:25:58
6425471_450,get_pmi_weights,14:29.793,6873628K,00:14:34
6425471_451,get_pmi_weights,14:24.857,6502136K,00:14:29
6425471_452,get_pmi_weights,14:10.989,6713832K,00:14:15
6425471_453,get_pmi_weights,14:28.879,6242560K,00:14:33
6425471_454,get_pmi_weights,14:19.074,6243260K,00:14:23
6425471_455,get_pmi_weights,14:36.106,6242172K,00:14:41
6425471_456,get_pmi_weights,14:50.975,6494872K,00:14:56
6425471_457,get_pmi_weights,14:33.373,6243368K,00:14:38
6425471_458,get_pmi_weights,14:37.564,6243188K,00:14:42
6425471_459,get_pmi_weights,14:46.454,6243104K,00:14:51
6425471_46,get_pmi_weights,26:13.133,11067808K,00:26:21
6425471_460,get_pmi_weights,14:30.143,6243440K,00:14:35
6425471_461,get_pmi_weights,14:32.331,6243004K,00:14:37
6425471_462,get_pmi_weights,14:35.237,6312508K,00:14:39
6425471_463,get_pmi_weights,14:11.485,6258212K,00:14:16
6425471_464,get_pmi_weights,14:25.548,6259304K,00:14:30
6425471_465,get_pmi_weights,14:46.422,6601712K,00:14:51
6425471_466,get_pmi_weights,14:07.838,6355568K,00:14:12
6425471_467,get_pmi_weights,14:01.866,6292432K,00:14:06
6425471_468,get_pmi_weights,14:24.136,6260896K,00:14:28
6425471_469,get_pmi_weights,14:05.311,6234348K,00:14:10
6425471_47,get_pmi_weights,25:57.918,11633856K,00:26:06
6425471_470,get_pmi_weights,14:10.580,6288152K,00:14:15
6425471_471,get_pmi_weights,14:24.838,6979868K,00:14:29
6425471_472,get_pmi_weights,14:39.920,6325324K,00:14:44
6425471_473,get_pmi_weights,14:23.355,6243164K,00:14:27
6425471_474,get_pmi_weights,14:52.158,6242988K,00:14:56
6425471_475,get_pmi_weights,14:12.331,6244228K,00:14:16
6425471_476,get_pmi_weights,14:20.719,7144488K,00:14:25
6425471_477,get_pmi_weights,14:26.697,6447068K,00:14:31
6425471_478,get_pmi_weights,14:12.868,6427500K,00:14:17
6425471_479,get_pmi_weights,14:29.472,6421264K,00:14:33
6425471_48,get_pmi_weights,25:34.277,11066016K,00:25:42
6425471_480,get_pmi_weights,14:23.881,6260444K,00:14:28
6425471_481,get_pmi_weights,14:18.286,6242752K,00:14:23
6425471_482,get_pmi_weights,14:13.781,6244860K,00:14:18
6425471_483,get_pmi_weights,14:18.140,6493264K,00:14:22
6425471_484,get_pmi_weights,14:16.943,6244252K,00:14:21
6425471_485,get_pmi_weights,13:36.814,6006196K,00:13:41
6425471_486,get_pmi_weights,13:47.830,5812192K,00:13:52
6425471_487,get_pmi_weights,13:48.351,5800668K,00:13:53
6425471_488,get_pmi_weights,14:30.776,5811872K,00:14:35
6425471_489,get_pmi_weights,13:35.811,5809548K,00:13:40
6425471_49,get_pmi_weights,25:51.331,11949236K,00:25:59
6425471_490,get_pmi_weights,13:50.755,5844228K,00:13:55
6425471_491,get_pmi_weights,14:23.244,5808816K,00:14:28
6425471_492,get_pmi_weights,13:29.848,5935072K,00:13:34
6425471_493,get_pmi_weights,13:28.394,6105768K,00:13:33
6425471_494,get_pmi_weights,13:30.653,6020904K,00:13:35
6425471_495,get_pmi_weights,14:02.561,6015592K,00:14:07
6425471_496,get_pmi_weights,13:43.864,5816792K,00:13:48
6425471_497,get_pmi_weights,13:58.135,5835388K,00:14:02
6425471_498,get_pmi_weights,13:27.123,5806332K,00:13:31
6425471_499,get_pmi_weights,13:52.420,5800896K,00:13:57
6425471_5,get_pmi_weights,22:02.820,13766316K,00:22:11
6425471_50,get_pmi_weights,25:43.139,12725780K,00:25:52
6425471_500,get_pmi_weights,13:45.965,5800908K,00:13:50
6425471_501,get_pmi_weights,13:50.724,5800464K,00:13:55
6425471_502,get_pmi_weights,13:40.421,5811648K,00:13:45
6425471_503,get_pmi_weights,13:53.365,5828592K,00:13:57
6425471_504,get_pmi_weights,13:41.474,5813196K,00:13:45
6425471_505,get_pmi_weights,13:36.075,5854224K,00:13:40
6425471_506,get_pmi_weights,14:18.423,5800904K,00:14:22
6425471_507,get_pmi_weights,13:53.716,6126724K,00:13:58
6425471_508,get_pmi_weights,13:46.898,6082544K,00:13:51
6425471_509,get_pmi_weights,13:36.822,6072796K,00:13:41
6425471_51,get_pmi_weights,25:20.107,11069792K,00:25:28
6425471_510,get_pmi_weights,13:34.273,5813228K,00:13:39
6425471_511,get_pmi_weights,13:48.061,5812644K,00:13:52
6425471_512,get_pmi_weights,13:59.123,5812348K,00:14:03
6425471_513,get_pmi_weights,14:19.198,5812500K,00:14:24
6425471_514,get_pmi_weights,13:35.953,5827680K,00:13:40
6425471_515,get_pmi_weights,13:43.941,6272868K,00:13:48
6425471_516,get_pmi_weights,14:04.304,5936656K,00:14:09
6425471_517,get_pmi_weights,13:41.243,6061768K,00:13:46
6425471_518,get_pmi_weights,14:12.488,5802752K,00:14:17
6425471_519,get_pmi_weights,13:39.100,5802580K,00:13:43
6425471_52,get_pmi_weights,26:06.776,11070148K,00:26:15
6425471_520,get_pmi_weights,13:53.149,6882524K,00:13:57
6425471_521,get_pmi_weights,13:48.874,5850432K,00:13:53
6425471_522,get_pmi_weights,13:52.108,5800540K,00:13:56
6425471_523,get_pmi_weights,13:43.227,6283260K,00:13:48
6425471_524,get_pmi_weights,13:38.468,6298008K,00:13:43
6425471_525,get_pmi_weights,14:07.517,5905392K,00:14:12
6425471_526,get_pmi_weights,13:26.386,5800904K,00:13:31
6425471_527,get_pmi_weights,13:36.961,5800892K,00:13:41
6425471_528,get_pmi_weights,13:43.724,5800868K,00:13:48
6425471_529,get_pmi_weights,10:29.670,4443232K,00:10:33
6425471_53,get_pmi_weights,26:04.889,11069904K,00:26:13
6425471_530,get_pmi_weights,10:20.016,4488084K,00:10:23
6425471_531,get_pmi_weights,10:38.721,4592836K,00:10:42
6425471_532,get_pmi_weights,10:22.335,4525280K,00:10:26
6425471_533,get_pmi_weights,10:21.627,5067692K,00:10:25
6425471_534,get_pmi_weights,10:26.661,4501216K,00:10:30
6425471_535,get_pmi_weights,10:27.963,4652488K,00:10:31
6425471_536,get_pmi_weights,10:30.296,4569412K,00:10:34
6425471_537,get_pmi_weights,10:47.618,4433952K,00:10:51
6425471_538,get_pmi_weights,10:42.244,4453044K,00:10:46
6425471_539,get_pmi_weights,10:22.834,4356276K,00:10:27
6425471_54,get_pmi_weights,25:49.575,11266996K,00:25:58
6425471_540,get_pmi_weights,10:28.220,4353700K,00:10:32
6425471_541,get_pmi_weights,10:24.297,4479936K,00:10:28
6425471_542,get_pmi_weights,10:28.895,4527328K,00:10:33
6425471_543,get_pmi_weights,10:26.920,4432780K,00:10:31
6425471_544,get_pmi_weights,10:16.144,4329800K,00:10:19
6425471_545,get_pmi_weights,10:20.648,4328500K,00:10:24
6425471_546,get_pmi_weights,10:31.631,4330488K,00:10:35
6425471_547,get_pmi_weights,10:43.471,4328484K,00:10:47
6425471_548,get_pmi_weights,10:25.044,4631156K,00:10:28
6425471_549,get_pmi_weights,10:20.257,4560664K,00:10:24
6425471_55,get_pmi_weights,25:59.335,11070056K,00:26:08
6425471_550,get_pmi_weights,10:08.099,4438064K,00:10:11
6425471_551,get_pmi_weights,10:43.162,4436096K,00:10:47
6425471_552,get_pmi_weights,10:21.785,4329648K,00:10:25
6425471_553,get_pmi_weights,10:43.900,4330056K,00:10:47
6425471_554,get_pmi_weights,10:16.653,4328352K,00:10:20
6425471_555,get_pmi_weights,10:39.479,4328216K,00:10:43
6425471_556,get_pmi_weights,10:18.394,4328528K,00:10:22
6425471_557,get_pmi_weights,10:32.342,4328240K,00:10:35
6425471_558,get_pmi_weights,10:20.465,4328172K,00:10:23
6425471_559,get_pmi_weights,10:13.788,4328272K,00:10:16
6425471_56,get_pmi_weights,25:43.684,11070176K,00:25:52
6425471_560,get_pmi_weights,10:25.216,4681696K,00:10:29
6425471_561,get_pmi_weights,10:30.571,4463572K,00:10:35
6425471_562,get_pmi_weights,10:27.890,4579088K,00:10:32
6425471_563,get_pmi_weights,10:46.295,4328492K,00:10:50
6425471_564,get_pmi_weights,10:20.983,4328440K,00:10:25
6425471_565,get_pmi_weights,10:21.534,4328332K,00:10:25
6425471_566,get_pmi_weights,10:25.748,4636468K,00:10:29
6425471_567,get_pmi_weights,10:24.543,4328536K,00:10:28
6425471_568,get_pmi_weights,10:43.848,4328344K,00:10:47
6425471_569,get_pmi_weights,10:23.299,4328460K,00:10:27
6425471_57,get_pmi_weights,25:35.851,11676408K,00:25:44
6425471_570,get_pmi_weights,10:24.408,4328352K,00:10:28
6425471_571,get_pmi_weights,10:07.239,4328336K,00:10:10
6425471_572,get_pmi_weights,10:34.713,4328388K,00:10:39
6425471_573,get_pmi_weights,09:26.629,6635504K,00:09:30
6425471_574,get_pmi_weights,09:37.465,5690628K,00:09:40
6425471_575,get_pmi_weights,09:45.794,5753056K,00:09:49
6425471_576,get_pmi_weights,09:27.120,5917600K,00:09:30
6425471_577,get_pmi_weights,09:56.386,5862156K,00:10:00
6425471_578,get_pmi_weights,10:00.080,5916036K,00:10:03
6425471_579,get_pmi_weights,09:39.754,5654836K,00:09:43
6425471_58,get_pmi_weights,26:05.062,12241876K,00:26:14
6425471_580,get_pmi_weights,09:34.857,5626000K,00:09:38
6425471_581,get_pmi_weights,09:24.279,6063216K,00:09:27
6425471_582,get_pmi_weights,09:40.331,6324556K,00:09:43
6425471_583,get_pmi_weights,09:30.672,6637244K,00:09:33
6425471_584,get_pmi_weights,09:45.652,5821392K,00:09:49
6425471_585,get_pmi_weights,09:32.310,5901456K,00:09:36
6425471_586,get_pmi_weights,09:31.175,6026812K,00:09:35
6425471_587,get_pmi_weights,09:27.845,5563192K,00:09:31
6425471_588,get_pmi_weights,09:33.124,5557068K,00:09:37
6425471_589,get_pmi_weights,09:36.060,5563060K,00:09:39
6425471_59,get_pmi_weights,25:35.574,11714256K,00:25:44
6425471_590,get_pmi_weights,09:56.888,5550912K,00:10:00
6425471_591,get_pmi_weights,09:36.728,5795540K,00:09:40
6425471_592,get_pmi_weights,09:33.550,5721196K,00:09:37
6425471_593,get_pmi_weights,09:42.049,5790532K,00:09:45
6425471_594,get_pmi_weights,09:32.676,5562856K,00:09:36
6425471_595,get_pmi_weights,09:46.277,5558944K,00:09:50
6425471_596,get_pmi_weights,09:46.339,5555652K,00:09:50
6425471_597,get_pmi_weights,09:28.477,5563052K,00:09:32
6425471_598,get_pmi_weights,09:38.566,5723484K,00:09:42
6425471_599,get_pmi_weights,09:28.561,5695024K,00:09:32
6425471_6,get_pmi_weights,21:44.370,13759608K,00:21:52
6425471_60,get_pmi_weights,25:46.639,12055056K,00:25:55
6425471_600,get_pmi_weights,09:30.325,5921084K,00:09:34
6425471_601,get_pmi_weights,09:38.104,5708932K,00:09:41
6425471_602,get_pmi_weights,09:25.234,5717392K,00:09:29
6425471_603,get_pmi_weights,09:23.126,5701940K,00:09:26
6425471_604,get_pmi_weights,09:34.439,5753400K,00:09:38
6425471_605,get_pmi_weights,09:22.579,5954940K,00:09:26
6425471_606,get_pmi_weights,09:23.525,6111396K,00:09:27
6425471_607,get_pmi_weights,09:23.076,5568872K,00:09:26
6425471_608,get_pmi_weights,09:34.890,5563236K,00:09:38
6425471_609,get_pmi_weights,09:40.602,5558992K,00:09:44
6425471_61,get_pmi_weights,24:55.565,11389064K,00:25:04
6425471_610,get_pmi_weights,09:37.026,5554784K,00:09:40
6425471_611,get_pmi_weights,09:30.887,5598256K,00:09:35
6425471_612,get_pmi_weights,09:49.640,5586260K,00:09:53
6425471_613,get_pmi_weights,09:31.042,5558756K,00:09:35
6425471_614,get_pmi_weights,09:41.623,5558904K,00:09:45
6425471_615,get_pmi_weights,09:36.946,5561012K,00:09:41
6425471_616,get_pmi_weights,09:41.537,5556900K,00:09:45
6425471_617,get_pmi_weights,08:39.952,5582708K,00:08:44
6425471_618,get_pmi_weights,08:43.235,5442M,00:08:47
6425471_619,get_pmi_weights,09:12.731,6562400K,00:09:16
6425471_62,get_pmi_weights,24:44.123,11715964K,00:24:52
6425471_620,get_pmi_weights,08:54.091,5594864K,00:08:57
6425471_621,get_pmi_weights,08:50.363,5550568K,00:08:54
6425471_622,get_pmi_weights,08:52.142,5586348K,00:08:55
6425471_623,get_pmi_weights,08:42.516,5576500K,00:08:46
6425471_624,get_pmi_weights,08:42.276,5551912K,00:08:45
6425471_625,get_pmi_weights,08:46.503,5566588K,00:08:50
6425471_626,get_pmi_weights,08:44.776,6488232K,00:08:48
6425471_627,get_pmi_weights,08:43.190,5668216K,00:08:46
6425471_628,get_pmi_weights,08:46.583,5605640K,00:08:50
6425471_629,get_pmi_weights,08:50.884,5723544K,00:08:54
6425471_63,get_pmi_weights,25:21.399,12592736K,00:25:29
6425471_630,get_pmi_weights,08:55.632,5744988K,00:08:58
6425471_631,get_pmi_weights,08:40.268,5737308K,00:08:43
6425471_632,get_pmi_weights,08:47.889,5711428K,00:08:51
6425471_633,get_pmi_weights,08:57.917,5797516K,00:09:01
6425471_634,get_pmi_weights,08:46.063,5818796K,00:08:49
6425471_635,get_pmi_weights,08:47.309,5637304K,00:08:50
6425471_636,get_pmi_weights,08:57.374,5607296K,00:09:01
6425471_637,get_pmi_weights,08:38.985,5594252K,00:08:42
6425471_638,get_pmi_weights,08:28.975,5662816K,00:08:32
6425471_639,get_pmi_weights,09:05.661,5598700K,00:09:09
6425471_64,get_pmi_weights,24:56.159,12449764K,00:25:05
6425471_640,get_pmi_weights,08:42.300,5665396K,00:08:45
6425471_641,get_pmi_weights,08:47.123,5805184K,00:08:50
6425471_642,get_pmi_weights,08:46.276,5836752K,00:08:49
6425471_643,get_pmi_weights,08:55.994,5550296K,00:08:58
6425471_644,get_pmi_weights,08:44.303,5550616K,00:08:47
6425471_645,get_pmi_weights,08:40.177,6614112K,00:08:42
6425471_646,get_pmi_weights,08:51.368,5544400K,00:08:54
6425471_647,get_pmi_weights,08:34.887,5552340K,00:08:37
6425471_648,get_pmi_weights,08:42.339,5550384K,00:08:45
6425471_649,get_pmi_weights,08:35.537,5602996K,00:08:38
6425471_65,get_pmi_weights,24:46.996,12647380K,00:24:55
6425471_650,get_pmi_weights,08:45.401,5550416K,00:08:49
6425471_651,get_pmi_weights,09:37.551,5891672K,00:09:41
6425471_652,get_pmi_weights,09:36.637,5712152K,00:09:40
6425471_653,get_pmi_weights,09:33.080,5709060K,00:09:37
6425471_654,get_pmi_weights,09:39.383,5695848K,00:09:43
6425471_655,get_pmi_weights,09:35.904,5695356K,00:09:39
6425471_656,get_pmi_weights,09:39.620,5685852K,00:09:43
6425471_657,get_pmi_weights,08:41.245,5545804K,00:08:44
6425471_658,get_pmi_weights,08:48.642,5550840K,00:08:52
6425471_659,get_pmi_weights,08:35.722,5550332K,00:08:39
6425471_66,get_pmi_weights,24:50.213,12813744K,00:24:58
6425471_660,get_pmi_weights,08:37.977,5553016K,00:08:41
6425471_661,get_pmi_weights,08:59.069,5144968K,00:09:02
6425471_662,get_pmi_weights,09:36.589,5186448K,00:09:40
6425471_663,get_pmi_weights,09:04.812,5167388K,00:09:08
6425471_664,get_pmi_weights,09:07.767,5965924K,00:09:11
6425471_665,get_pmi_weights,08:56.106,5528968K,00:08:59
6425471_666,get_pmi_weights,08:58.888,5718180K,00:09:02
6425471_667,get_pmi_weights,08:49.951,5361020K,00:08:53
6425471_668,get_pmi_weights,09:03.976,5695644K,00:09:07
6425471_669,get_pmi_weights,08:58.153,5710148K,00:09:01
6425471_67,get_pmi_weights,24:38.826,12734012K,00:24:47
6425471_670,get_pmi_weights,09:13.999,6347500K,00:09:29
6425471_671,get_pmi_weights,09:55.560,5293488K,00:10:00
6425471_672,get_pmi_weights,09:51.673,5415216K,00:09:57
6425471_673,get_pmi_weights,10:05.653,5163836K,00:10:11
6425471_674,get_pmi_weights,09:14.437,6030560K,00:09:39
6425471_675,get_pmi_weights,09:54.467,6225892K,00:09:58
6425471_676,get_pmi_weights,09:58.575,5374196K,00:10:02
6425471_677,get_pmi_weights,09:58.945,5370664K,00:10:02
6425471_678,get_pmi_weights,10:00.516,5412060K,00:10:04
6425471_679,get_pmi_weights,09:56.759,5102344K,00:10:00
6425471_68,get_pmi_weights,24:53.722,12581564K,00:25:02
6425471_680,get_pmi_weights,09:52.591,5390368K,00:09:56
6425471_681,get_pmi_weights,09:56.245,5126228K,00:10:00
6425471_682,get_pmi_weights,09:07.793,5441512K,00:09:11
6425471_683,get_pmi_weights,09:02.972,5535132K,00:09:06
6425471_684,get_pmi_weights,08:49.078,5484892K,00:08:52
6425471_685,get_pmi_weights,09:21.207,5545532K,00:09:24
6425471_686,get_pmi_weights,08:49.632,5392504K,00:08:53
6425471_687,get_pmi_weights,09:32.788,5390680K,00:09:36
6425471_688,get_pmi_weights,09:06.175,5459104K,00:09:09
6425471_689,get_pmi_weights,09:02.998,6142676K,00:09:06
6425471_69,get_pmi_weights,25:08.322,11678040K,00:25:16
6425471_690,get_pmi_weights,09:01.368,5370756K,00:09:04
6425471_691,get_pmi_weights,10:23.642,5370632K,00:10:29
6425471_692,get_pmi_weights,08:53.465,5499856K,00:08:56
6425471_693,get_pmi_weights,09:12.726,5371812K,00:09:16
6425471_694,get_pmi_weights,09:02.952,5369684K,00:09:06
6425471_695,get_pmi_weights,09:08.649,5375056K,00:09:12
6425471_696,get_pmi_weights,09:04.977,5370696K,00:09:08
6425471_697,get_pmi_weights,09:03.025,5568784K,00:09:06
6425471_698,get_pmi_weights,09:13.468,5086912K,00:09:17
6425471_699,get_pmi_weights,09:15.349,5370504K,00:09:18
6425471_7,get_pmi_weights,22:32.953,13782816K,00:22:41
6425471_70,get_pmi_weights,24:50.128,11636292K,00:24:58
6425471_700,get_pmi_weights,09:57.658,5368200K,00:10:01
6425471_701,get_pmi_weights,10:14.587,5369140K,00:10:18
6425471_702,get_pmi_weights,08:43.304,5370544K,00:08:46
6425471_703,get_pmi_weights,09:06.631,5373168K,00:09:10
6425471_704,get_pmi_weights,08:51.002,5907816K,00:08:54
6425471_705,get_pmi_weights,08:00.115,4131876K,00:08:03
6425471_706,get_pmi_weights,07:48.368,4106336K,00:07:51
6425471_707,get_pmi_weights,07:59.577,4107532K,00:08:03
6425471_708,get_pmi_weights,08:04.928,4191868K,00:08:08
6425471_709,get_pmi_weights,08:05.657,4140952K,00:08:09
6425471_71,get_pmi_weights,24:48.476,12579916K,00:24:56
6425471_710,get_pmi_weights,07:51.028,4136284K,00:07:54
6425471_711,get_pmi_weights,08:03.688,4077084K,00:08:07
6425471_712,get_pmi_weights,07:59.200,4065192K,00:08:02
6425471_713,get_pmi_weights,07:48.856,4087960K,00:07:52
6425471_714,get_pmi_weights,08:06.275,4059340K,00:08:10
6425471_715,get_pmi_weights,07:58.573,4055600K,00:08:02
6425471_716,get_pmi_weights,08:12.182,4040324K,00:08:15
6425471_717,get_pmi_weights,07:53.756,4040656K,00:07:57
6425471_718,get_pmi_weights,07:59.071,4423944K,00:08:02
6425471_719,get_pmi_weights,08:01.028,4218736K,00:08:04
6425471_72,get_pmi_weights,24:55.900,12517540K,00:25:04
6425471_720,get_pmi_weights,08:06.997,4150636K,00:08:10
6425471_721,get_pmi_weights,08:00.684,4224248K,00:08:03
6425471_722,get_pmi_weights,08:00.994,4079692K,00:08:04
6425471_723,get_pmi_weights,08:10.571,4113732K,00:08:13
6425471_724,get_pmi_weights,08:04.814,4110196K,00:08:08
6425471_725,get_pmi_weights,08:01.955,4122608K,00:08:05
6425471_726,get_pmi_weights,08:08.646,4043216K,00:08:12
6425471_727,get_pmi_weights,07:55.072,4038840K,00:07:58
6425471_728,get_pmi_weights,08:00.398,4038996K,00:08:03
6425471_729,get_pmi_weights,07:48.273,4039004K,00:07:51
6425471_73,get_pmi_weights,24:50.891,12440036K,00:24:59
6425471_730,get_pmi_weights,07:53.008,4039480K,00:07:56
6425471_731,get_pmi_weights,07:53.991,4039524K,00:07:56
6425471_732,get_pmi_weights,08:14.843,4039204K,00:08:17
6425471_733,get_pmi_weights,07:51.041,3898436K,00:07:53
6425471_734,get_pmi_weights,07:57.207,4040924K,00:08:00
6425471_735,get_pmi_weights,07:50.556,4041204K,00:07:53
6425471_736,get_pmi_weights,08:01.481,4039332K,00:08:04
6425471_737,get_pmi_weights,08:02.039,4039192K,00:08:05
6425471_738,get_pmi_weights,08:06.781,3898380K,00:08:10
6425471_739,get_pmi_weights,07:55.716,4745752K,00:07:59
6425471_74,get_pmi_weights,24:22.630,11408380K,00:24:31
6425471_740,get_pmi_weights,07:48.873,3898496K,00:07:52
6425471_741,get_pmi_weights,07:52.208,4039428K,00:07:55
6425471_742,get_pmi_weights,08:07.486,4039368K,00:08:10
6425471_743,get_pmi_weights,07:56.819,3898296K,00:07:59
6425471_744,get_pmi_weights,07:56.071,4040964K,00:07:58
6425471_745,get_pmi_weights,07:55.985,4039188K,00:07:59
6425471_746,get_pmi_weights,08:01.984,4041124K,00:08:05
6425471_747,get_pmi_weights,07:55.256,4039132K,00:07:58
6425471_748,get_pmi_weights,08:05.501,3898152K,00:08:08
6425471_749,get_pmi_weights,08:03.803,4008592K,00:08:07
6425471_75,get_pmi_weights,24:25.985,12764492K,00:24:34
6425471_750,get_pmi_weights,08:09.275,4218676K,00:08:12
6425471_751,get_pmi_weights,08:24.515,3744296K,00:08:28
6425471_752,get_pmi_weights,07:58.405,3894524K,00:08:01
6425471_753,get_pmi_weights,08:04.850,4226204K,00:08:08
6425471_754,get_pmi_weights,08:05.818,3780500K,00:08:09
6425471_755,get_pmi_weights,07:58.527,3780996K,00:08:01
6425471_756,get_pmi_weights,08:11.192,3780812K,00:08:14
6425471_757,get_pmi_weights,07:57.582,3780844K,00:08:01
6425471_758,get_pmi_weights,08:14.374,3781016K,00:08:17
6425471_759,get_pmi_weights,08:10.612,3783040K,00:08:14
6425471_76,get_pmi_weights,25:59.275,12197052K,00:26:08
6425471_760,get_pmi_weights,08:02.859,3781148K,00:08:06
6425471_761,get_pmi_weights,07:57.178,3781368K,00:08:00
6425471_762,get_pmi_weights,08:08.545,3783080K,00:08:12
6425471_763,get_pmi_weights,08:02.940,3780764K,00:08:06
6425471_764,get_pmi_weights,08:07.360,3781068K,00:08:11
6425471_765,get_pmi_weights,08:05.152,3783156K,00:08:08
6425471_766,get_pmi_weights,08:07.594,3780900K,00:08:11
6425471_767,get_pmi_weights,08:10.175,3780928K,00:08:13
6425471_768,get_pmi_weights,08:04.820,3780872K,00:08:08
6425471_769,get_pmi_weights,08:04.583,3780904K,00:08:08
6425471_77,get_pmi_weights,27:00.691,11989144K,00:27:09
6425471_770,get_pmi_weights,08:19.067,3782916K,00:08:23
6425471_771,get_pmi_weights,07:59.898,3782340K,00:08:02
6425471_772,get_pmi_weights,08:03.892,4066708K,00:08:07
6425471_773,get_pmi_weights,08:04.159,4163424K,00:08:07
6425471_774,get_pmi_weights,08:14.529,3782948K,00:08:17
6425471_775,get_pmi_weights,07:56.461,4447164K,00:07:59
6425471_776,get_pmi_weights,07:55.971,4449300K,00:07:59
6425471_777,get_pmi_weights,08:08.499,3782948K,00:08:11
6425471_778,get_pmi_weights,08:01.161,3781032K,00:08:03
6425471_779,get_pmi_weights,07:58.026,3780044K,00:08:00
6425471_78,get_pmi_weights,26:14.131,12852640K,00:26:23
6425471_780,get_pmi_weights,08:17.947,4170792K,00:08:20
6425471_781,get_pmi_weights,08:03.824,4158780K,00:08:06
6425471_782,get_pmi_weights,07:57.828,4448540K,00:08:01
6425471_783,get_pmi_weights,08:06.604,3781004K,00:08:10
6425471_784,get_pmi_weights,08:07.690,3781084K,00:08:11
6425471_785,get_pmi_weights,08:19.806,4066760K,00:08:23
6425471_786,get_pmi_weights,08:15.498,4163040K,00:08:19
6425471_787,get_pmi_weights,08:01.281,4447308K,00:08:04
6425471_788,get_pmi_weights,08:37.158,3985288K,00:08:40
6425471_789,get_pmi_weights,07:58.284,3980096K,00:08:01
6425471_79,get_pmi_weights,27:14.807,11944176K,00:27:23
6425471_790,get_pmi_weights,07:58.771,3911324K,00:08:02
6425471_791,get_pmi_weights,08:04.424,3913156K,00:08:08
6425471_792,get_pmi_weights,08:01.470,3782708K,00:08:04
6425471_793,get_pmi_weights,06:48.032,3268736K,00:06:51
6425471_794,get_pmi_weights,06:41.579,3128332K,00:06:44
6425471_795,get_pmi_weights,06:39.907,3184636K,00:06:43
6425471_796,get_pmi_weights,06:44.927,3287660K,00:06:48
6425471_797,get_pmi_weights,06:45.913,3417732K,00:06:49
6425471_798,get_pmi_weights,06:45.653,3107172K,00:06:48
6425471_799,get_pmi_weights,06:43.292,3275140K,00:06:46
6425471_8,get_pmi_weights,23:30.508,16422916K,00:24:08
6425471_80,get_pmi_weights,26:27.451,12720144K,00:26:36
6425471_800,get_pmi_weights,06:51.459,3418140K,00:06:54
6425471_801,get_pmi_weights,06:38.768,3541196K,00:06:42
6425471_802,get_pmi_weights,06:45.649,3407364K,00:06:48
6425471_803,get_pmi_weights,06:50.153,3370448K,00:06:53
6425471_804,get_pmi_weights,06:44.825,3099696K,00:06:48
6425471_805,get_pmi_weights,06:38.262,3129824K,00:06:41
6425471_806,get_pmi_weights,06:40.590,3462452K,00:06:43
6425471_807,get_pmi_weights,06:55.731,3127324K,00:06:58
6425471_808,get_pmi_weights,06:34.288,3127624K,00:06:37
6425471_809,get_pmi_weights,06:40.367,3128248K,00:06:43
6425471_81,get_pmi_weights,26:42.612,11978044K,00:26:51
6425471_810,get_pmi_weights,06:43.321,3128264K,00:06:46
6425471_811,get_pmi_weights,06:30.630,3019896K,00:06:33
6425471_812,get_pmi_weights,06:39.119,3019876K,00:06:42
6425471_813,get_pmi_weights,06:54.758,3018912K,00:06:58
6425471_814,get_pmi_weights,06:46.304,3127932K,00:06:49
6425471_815,get_pmi_weights,06:49.896,3128288K,00:06:53
6425471_816,get_pmi_weights,06:47.415,3144136K,00:06:50
6425471_817,get_pmi_weights,06:46.163,3146692K,00:06:49
6425471_818,get_pmi_weights,06:53.804,3128204K,00:06:57
6425471_819,get_pmi_weights,06:34.254,3127800K,00:06:37
6425471_82,get_pmi_weights,26:07.544,11325856K,00:26:16
6425471_820,get_pmi_weights,06:39.880,3128204K,00:06:43
6425471_821,get_pmi_weights,06:41.692,3377220K,00:06:45
6425471_822,get_pmi_weights,06:42.396,3368732K,00:06:45
6425471_823,get_pmi_weights,06:33.807,3356792K,00:06:37
6425471_824,get_pmi_weights,06:40.798,3420964K,00:06:43
6425471_825,get_pmi_weights,06:47.238,3246600K,00:06:50
6425471_826,get_pmi_weights,06:46.661,3285.50M,00:06:50
6425471_827,get_pmi_weights,06:45.009,3216668K,00:06:48
6425471_828,get_pmi_weights,06:45.869,3165316K,00:06:49
6425471_829,get_pmi_weights,06:40.386,3027516K,00:06:43
6425471_83,get_pmi_weights,26:01.465,11884164K,00:26:10
6425471_830,get_pmi_weights,06:49.111,3022344K,00:06:52
6425471_831,get_pmi_weights,06:46.157,3126284K,00:06:48
6425471_832,get_pmi_weights,06:38.676,3128200K,00:06:41
6425471_833,get_pmi_weights,06:51.346,3127328K,00:06:54
6425471_834,get_pmi_weights,06:50.771,3156984K,00:06:53
6425471_835,get_pmi_weights,06:43.837,3650648K,00:06:45
6425471_836,get_pmi_weights,06:46.849,3541728K,00:06:49
6425471_837,get_pmi_weights,06:26.334,2874344K,00:06:28
6425471_838,get_pmi_weights,06:17.284,3058948K,00:06:19
6425471_839,get_pmi_weights,06:17.111,3027504K,00:06:19
6425471_84,get_pmi_weights,26:31.556,11997896K,00:26:40
6425471_840,get_pmi_weights,06:30.928,2967780K,00:06:33
6425471_841,get_pmi_weights,06:21.177,3019464K,00:06:23
6425471_842,get_pmi_weights,06:21.189,2964556K,00:06:23
6425471_843,get_pmi_weights,06:34.366,3179820K,00:06:36
6425471_844,get_pmi_weights,06:30.744,3038428K,00:06:32
6425471_845,get_pmi_weights,06:23.768,3079176K,00:06:25
6425471_846,get_pmi_weights,06:35.469,2859876K,00:06:37
6425471_847,get_pmi_weights,06:27.717,3225876K,00:06:29
6425471_848,get_pmi_weights,06:38.527,3019576K,00:06:40
6425471_849,get_pmi_weights,06:28.703,2990156K,00:06:30
6425471_85,get_pmi_weights,26:50.003,11879472K,00:26:59
6425471_850,get_pmi_weights,06:32.788,2885280K,00:06:34
6425471_851,get_pmi_weights,06:25.967,2885044K,00:06:28
6425471_852,get_pmi_weights,06:25.917,3029792K,00:06:28
6425471_853,get_pmi_weights,06:33.549,3068140K,00:06:35
6425471_854,get_pmi_weights,06:20.256,3003604K,00:06:22
6425471_855,get_pmi_weights,06:22.712,2937868K,00:06:24
6425471_856,get_pmi_weights,06:29.416,2973304K,00:06:31
6425471_857,get_pmi_weights,06:15.219,2853308K,00:06:17
6425471_858,get_pmi_weights,06:31.648,2953896K,00:06:34
6425471_859,get_pmi_weights,06:29.218,3014944K,00:06:31
6425471_86,get_pmi_weights,26:03.442,11560904K,00:26:12
6425471_860,get_pmi_weights,06:24.706,2888392K,00:06:27
6425471_861,get_pmi_weights,06:49.058,2973424K,00:06:51
6425471_862,get_pmi_weights,06:17.782,2855984K,00:06:20
6425471_863,get_pmi_weights,06:37.249,2974124K,00:06:39
6425471_864,get_pmi_weights,06:18.002,3176888K,00:06:20
6425471_865,get_pmi_weights,06:18.392,3019052K,00:06:20
6425471_866,get_pmi_weights,06:24.861,2989320K,00:06:27
6425471_867,get_pmi_weights,06:25.940,3080676K,00:06:28
6425471_868,get_pmi_weights,06:18.895,3159404K,00:06:21
6425471_869,get_pmi_weights,06:34.345,3113528K,00:06:36
6425471_87,get_pmi_weights,26:20.712,11535812K,00:26:29
6425471_870,get_pmi_weights,06:35.303,2953784K,00:06:37
6425471_871,get_pmi_weights,06:23.093,3148716K,00:06:25
6425471_872,get_pmi_weights,06:21.830,3248932K,00:06:23
6425471_873,get_pmi_weights,06:31.618,2953824K,00:06:33
6425471_874,get_pmi_weights,06:41.596,2852236K,00:06:43
6425471_875,get_pmi_weights,06:20.976,2953748K,00:06:23
6425471_876,get_pmi_weights,06:29.742,2947760K,00:06:31
6425471_877,get_pmi_weights,06:28.133,3445720K,00:06:30
6425471_878,get_pmi_weights,06:23.555,3052504K,00:06:25
6425471_879,get_pmi_weights,06:25.052,3243588K,00:06:27
6425471_88,get_pmi_weights,26:26.929,11351940K,00:26:35
6425471_880,get_pmi_weights,06:31.599,3445604K,00:06:33
6425471_881,get_pmi_weights,04:21.090,2274188K,00:04:22
6425471_882,get_pmi_weights,04:14.919,1968592K,00:04:16
6425471_883,get_pmi_weights,04:08.673,2026380K,00:04:10
6425471_884,get_pmi_weights,04:17.498,1967148K,00:04:19
6425471_885,get_pmi_weights,04:12.012,1958500K,00:04:13
6425471_886,get_pmi_weights,04:10.691,2144356K,00:04:12
6425471_887,get_pmi_weights,04:06.648,2280556K,00:04:08
6425471_888,get_pmi_weights,04:11.130,1989640K,00:04:12
6425471_889,get_pmi_weights,04:08.383,1964820K,00:04:09
6425471_89,get_pmi_weights,23:10.299,12153264K,00:23:18
6425471_890,get_pmi_weights,04:03.272,2200900K,00:04:04
6425471_891,get_pmi_weights,04:03.871,1953472K,00:04:05
6425471_892,get_pmi_weights,04:07.340,1951980K,00:04:09
6425471_893,get_pmi_weights,04:09.160,1961056K,00:04:11
6425471_894,get_pmi_weights,04:06.490,2032528K,00:04:08
6425471_895,get_pmi_weights,04:09.939,1978272K,00:04:11
6425471_896,get_pmi_weights,04:15.354,2116896K,00:04:17
6425471_897,get_pmi_weights,04:20.244,2274296K,00:04:21
6425471_898,get_pmi_weights,04:06.807,1960528K,00:04:08
6425471_899,get_pmi_weights,04:07.986,1941408K,00:04:09
6425471_9,get_pmi_weights,24:11.093,15077916K,00:24:22
6425471_90,get_pmi_weights,22:31.762,13459192K,00:22:39
6425471_900,get_pmi_weights,04:15.871,1906244K,00:04:17
6425471_901,get_pmi_weights,04:06.645,1957828K,00:04:08
6425471_902,get_pmi_weights,04:09.982,2001788K,00:04:11
6425471_903,get_pmi_weights,04:06.714,2161696K,00:04:08
6425471_904,get_pmi_weights,04:09.971,2265432K,00:04:11
6425471_905,get_pmi_weights,04:04.255,1983496K,00:04:05
6425471_906,get_pmi_weights,04:05.002,2188044K,00:04:06
6425471_907,get_pmi_weights,04:03.903,2067200K,00:04:05
6425471_908,get_pmi_weights,04:06.782,2025704K,00:04:08
6425471_909,get_pmi_weights,04:05.582,2062432K,00:04:07
6425471_91,get_pmi_weights,22:33.064,13535284K,00:22:40
6425471_910,get_pmi_weights,04:08.503,2273368K,00:04:10
6425471_911,get_pmi_weights,04:16.828,2075072K,00:04:18
6425471_912,get_pmi_weights,04:08.970,2096400K,00:04:10
6425471_913,get_pmi_weights,04:05.110,1948256K,00:04:06
6425471_914,get_pmi_weights,04:18.526,1956428K,00:04:19
6425471_915,get_pmi_weights,04:04.752,1896144K,00:04:06
6425471_916,get_pmi_weights,04:11.269,2004772K,00:04:12
6425471_917,get_pmi_weights,04:02.186,1998596K,00:04:03
6425471_918,get_pmi_weights,04:10.408,1963452K,00:04:11
6425471_919,get_pmi_weights,04:10.677,2060652K,00:04:12
6425471_92,get_pmi_weights,21:53.420,11148876K,00:22:01
6425471_920,get_pmi_weights,04:05.217,1991512K,00:04:06
6425471_921,get_pmi_weights,04:11.774,1941712K,00:04:13
6425471_922,get_pmi_weights,04:15.103,2122308K,00:04:16
6425471_923,get_pmi_weights,04:09.800,2043364K,00:04:11
6425471_924,get_pmi_weights,04:05.585,1954968K,00:04:07
6425471_925,get_pmi_weights,03:54.692,2223784K,00:03:56
6425471_926,get_pmi_weights,03:57.139,1995792K,00:03:59
6425471_927,get_pmi_weights,03:53.289,2014144K,00:03:55
6425471_928,get_pmi_weights,03:53.459,1981360K,00:03:55
6425471_929,get_pmi_weights,03:53.045,2011580K,00:03:54
6425471_93,get_pmi_weights,22:27.075,11107524K,00:22:35
6425471_930,get_pmi_weights,03:58.842,2029884K,00:04:00
6425471_931,get_pmi_weights,03:50.942,2047740K,00:03:52
6425471_932,get_pmi_weights,04:00.670,1979484K,00:04:02
6425471_933,get_pmi_weights,04:00.173,1979356K,00:04:01
6425471_934,get_pmi_weights,03:55.666,1921408K,00:03:56
6425471_935,get_pmi_weights,03:46.722,1947948K,00:03:48
6425471_936,get_pmi_weights,03:53.871,2160732K,00:03:55
6425471_937,get_pmi_weights,04:01.944,2147132K,00:04:03
6425471_938,get_pmi_weights,03:53.060,2140836K,00:03:54
6425471_939,get_pmi_weights,03:54.537,2152000K,00:03:56
6425471_94,get_pmi_weights,20:42.536,13012808K,00:20:50
6425471_940,get_pmi_weights,03:49.440,2077300K,00:03:50
6425471_941,get_pmi_weights,03:54.113,2059612K,00:03:55
6425471_942,get_pmi_weights,04:01.185,1983828K,00:04:02
6425471_943,get_pmi_weights,03:49.210,2107384K,00:03:50
6425471_944,get_pmi_weights,03:56.962,1938448K,00:03:58
6425471_945,get_pmi_weights,03:56.671,2028936K,00:03:58
6425471_946,get_pmi_weights,03:54.742,1937704K,00:03:56
6425471_947,get_pmi_weights,03:59.597,1979184K,00:04:01
6425471_948,get_pmi_weights,04:07.292,1923528K,00:04:09
6425471_949,get_pmi_weights,03:53.214,1920948K,00:03:54
6425471_95,get_pmi_weights,21:09.202,12758068K,00:21:17
6425471_950,get_pmi_weights,03:58.527,1981228K,00:04:00
6425471_951,get_pmi_weights,03:54.212,1947440K,00:03:55
6425471_952,get_pmi_weights,04:01.835,2193276K,00:04:03
6425471_953,get_pmi_weights,03:46.769,2104684K,00:03:48
6425471_954,get_pmi_weights,03:49.600,2049580K,00:03:50
6425471_955,get_pmi_weights,03:54.532,2051000K,00:03:55
6425471_956,get_pmi_weights,04:00.632,2052464K,00:04:02
6425471_957,get_pmi_weights,03:51.787,2176416K,00:03:53
6425471_958,get_pmi_weights,03:58.725,2307148K,00:04:05
6425471_959,get_pmi_weights,04:17.071,2050960K,00:04:18
6425471_96,get_pmi_weights,20:48.510,12976804K,00:20:56
6425471_960,get_pmi_weights,04:17.966,1956772K,00:04:19
6425471_961,get_pmi_weights,04:16.834,2069420K,00:04:18
6425471_962,get_pmi_weights,04:20.477,2023376K,00:04:22
6425471_963,get_pmi_weights,04:18.120,2004868K,00:04:19
6425471_964,get_pmi_weights,04:16.466,1975796K,00:04:18
6425471_965,get_pmi_weights,04:01.976,1921312K,00:04:03
6425471_966,get_pmi_weights,03:53.630,1978352K,00:03:55
6425471_967,get_pmi_weights,03:52.179,1977664K,00:03:53
6425471_968,get_pmi_weights,03:59.952,1979324K,00:04:01
6425471_97,get_pmi_weights,21:04.655,13020136K,00:21:12
6425471_98,get_pmi_weights,21:22.089,12618876K,00:21:29
6425471_99,get_pmi_weights,21:33.019,12671272K,00:21:40
6431676_207,get_pmi_weights,20:21.233,10705748K,00:20:35
6431676_208,get_pmi_weights,20:27.924,11702940K,00:20:41
6431676_209,get_pmi_weights,20:07.132,11155556K,00:20:20
6431676_210,get_pmi_weights,20:11.667,10931536K,00:20:24
6431676_211,get_pmi_weights,20:32.764,10771252K,00:20:46
6431676_212,get_pmi_weights,20:01.570,11484808K,00:21:01
6431676_213,get_pmi_weights,19:41.693,11928432K,00:20:12
6431676_214,get_pmi_weights,18:52.745,11863312K,00:19:01
6431676_215,get_pmi_weights,19:15.020,10249204K,00:19:22
6431676_216,get_pmi_weights,18:54.237,10047348K,00:19:01
6431676_217,get_pmi_weights,19:08.039,10774184K,00:19:15
6431676_218,get_pmi_weights,19:29.372,10142788K,00:19:36
6431676_219,get_pmi_weights,19:13.089,9999380K,00:19:20
6431676_220,get_pmi_weights,19:22.947,10185228K,00:19:30
6431676_221,get_pmi_weights,17:20.750,11017624K,00:17:27
6431676_222,get_pmi_weights,17:50.004,12347624K,00:17:57
6431676_223,get_pmi_weights,17:36.864,12622544K,00:17:43
6431676_224,get_pmi_weights,18:13.174,12471964K,00:18:20
6455787_1,apply_mask,09:17.378,100779M,00:09:26
6455787_10,apply_mask,01:53:13,44142376K,01:53:42
6455787_11,apply_mask,02:19.570,32814148K,00:02:21
6455787_12,apply_mask,02:17.697,32617848K,00:02:19
6455787_13,apply_mask,02:03.757,32961560K,00:02:05
6455787_14,apply_mask,00:24.303,7467444K,00:00:25
6455787_15,apply_mask,00:23.456,3988220K,00:00:24
6455787_16,apply_mask,00:24.579,7057124K,00:00:25
6455787_17,apply_mask,00:23.095,4004224K,00:00:23
6455787_18,apply_mask,01:28.888,21237588K,00:01:30
6455787_19,apply_mask,01:26.448,21223604K,00:01:27
6455787_2,apply_mask,09:22.458,96889232K,00:09:31
6455787_20,apply_mask,01:25.153,22614636K,00:01:26
6455787_21,apply_mask,00:49.607,16342744K,00:00:50
6455787_22,apply_mask,00:09.809,10830176K,00:00:10
6455787_3,apply_mask,01:07.427,76035760K,00:01:08
6455787_4,apply_mask,05:37:29,55717968K,05:38:43
6455787_5,apply_mask,05:37:26,54767968K,05:38:40
6455787_6,apply_mask,05:37:23,60078688K,05:38:37
6455787_7,apply_mask,05:37:20,55215684K,05:38:32
6455787_8,apply_mask,01:53:16,47132920K,01:53:45
6455787_9,apply_mask,01:53:09,44369228K,01:53:38
6431721_optimizer_row0,optimizer,00:00:43,242956K,00:00:43
6511786_optimizer_row0,optimizer,00:00:30,237316K,00:00:30
6431721_optimizer_row1,optimizer,00:01:37,75592K,00:01:37
6431721_optimizer_row2,optimizer,00:04:20,49344K,00:04:20
6431721_optimizer_row3,optimizer,00:04:26,50116K,00:04:26
6431721_optimizer_row4,optimizer,00:03:56,75604K,00:03:56
6431721_optimizer_row5,optimizer,00:03:11,35120K,00:03:11
6431721_optimizer_row6,optimizer,00:03:27,25996K,00:03:27
6431721_optimizer_row7,optimizer,00:04:43,6996K,00:04:43
6431721_optimizer_row8,optimizer,00:04:38,15216K,00:04:38
6431721_optimizer_row9,optimizer,00:04:50,35648K,00:04:50
6431721_optimizer_row10,optimizer,00:04:13,47772K,00:04:13
6431721_optimizer_row11,optimizer,00:03:42,52360K,00:03:42
6431721_optimizer_row12,optimizer,00:04:02,51912K,00:04:02
6431721_optimizer_row13,optimizer,00:04:12,80648K,00:04:12
6431721_optimizer_row14,optimizer,00:04:11,52712K,00:04:11
6431721_optimizer_row15,optimizer,00:04:08,50288K,00:04:08
6431721_optimizer_row16,optimizer,00:04:43,63020K,00:04:43
6431721_optimizer_row17,optimizer,00:04:25,50456K,00:04:25
6431721_optimizer_row18,optimizer,00:04:14,53332K,00:04:14
6431721_optimizer_row19,optimizer,00:04:13,60600K,00:04:13
6431721_optimizer_row20,optimizer,00:04:11,77856K,00:04:11
6431721_optimizer_row21,optimizer,00:04:14,58336K,00:04:14
6431721_optimizer_row22,optimizer,00:04:14,48732K,00:04:14
6431721_optimizer_row23,optimizer,00:04:12,74532K,00:04:12
6431721_optimizer_row24,optimizer,00:03:37,53076K,00:03:37
6431721_optimizer_row25,optimizer,00:00:22,35124K,00:00:22
6431721_optimizer_row26,optimizer,00:01:31,35104K,00:01:31
6431721_optimizer_row27,optimizer,00:04:46,592668K,00:04:46
6431721_optimizer_row28,optimizer,00:04:40,590192K,00:04:40
6431721_optimizer_row29,optimizer,00:03:52,35164K,00:03:52
6431721_optimizer_row30,optimizer,00:03:21,35112K,00:03:21
6431721_optimizer_row31,optimizer,00:03:19,6996K,00:03:19
6431721_optimizer_row32,optimizer,00:03:56,6996K,00:03:56
6431721_optimizer_row33,optimizer,00:04:04,26576K,00:04:04
6431721_optimizer_row34,optimizer,00:03:50,35112K,00:03:50
6431721_optimizer_row35,optimizer,00:03:23,35112K,00:03:23
6431721_optimizer_row36,optimizer,00:04:12,35112K,00:04:12
6431721_optimizer_row37,optimizer,00:04:38,757896K,00:04:38
6431721_optimizer_row38,optimizer,00:04:39,755856K,00:04:39
6431721_optimizer_row39,optimizer,00:04:32,755456K,00:04:32
6431721_optimizer_row40,optimizer,00:04:47,758676K,00:04:47
6431721_optimizer_row41,optimizer,00:05:08,758356K,00:05:08
6431721_optimizer_row42,optimizer,00:04:38,758756K,00:04:38
6431721_optimizer_row43,optimizer,00:04:42,757404K,00:04:42
6431721_optimizer_row44,optimizer,00:04:39,759012K,00:04:39
6431721_optimizer_row45,optimizer,00:04:35,759352K,00:04:35
6431721_optimizer_row46,optimizer,00:04:42,757288K,00:04:42
6431721_optimizer_row47,optimizer,00:04:43,756400K,00:04:43
6431721_optimizer_row48,optimizer,00:04:33,757684K,00:04:33
6431721_optimizer_row49,optimizer,00:03:58,7048K,00:03:58
6431721_optimizer_row50,optimizer,00:00:33,35112K,00:00:33
6431721_optimizer_row51,optimizer,00:01:28,35112K,00:01:28
6431721_optimizer_row52,optimizer,00:04:02,35116K,00:04:02
6431721_optimizer_row53,optimizer,00:03:42,35108K,00:03:42
6431721_optimizer_row54,optimizer,00:03:13,35112K,00:03:13
6431721_optimizer_row55,optimizer,00:03:57,25336K,00:03:57
6431721_optimizer_row56,optimizer,00:04:32,6996K,00:04:32
6431721_optimizer_row57,optimizer,00:04:38,17224K,00:04:38
6431721_optimizer_row58,optimizer,00:04:49,749836K,00:04:49
6431721_optimizer_row59,optimizer,00:03:59,35112K,00:03:59
6431721_optimizer_row60,optimizer,00:03:26,35112K,00:03:26
6431721_optimizer_row61,optimizer,00:04:05,35116K,00:04:05
6431721_optimizer_row62,optimizer,00:04:11,35112K,00:04:11
6431721_optimizer_row63,optimizer,00:04:05,35116K,00:04:05
6431721_optimizer_row64,optimizer,00:03:59,35112K,00:03:59
6431721_optimizer_row65,optimizer,00:04:37,35112K,00:04:37
6431721_optimizer_row66,optimizer,00:04:21,35116K,00:04:21
6431721_optimizer_row67,optimizer,00:04:11,35116K,00:04:11
6431721_optimizer_row68,optimizer,00:04:06,35112K,00:04:06
6431721_optimizer_row69,optimizer,00:04:08,35112K,00:04:08
6431721_optimizer_row70,optimizer,00:04:09,35112K,00:04:09
6431721_optimizer_row71,optimizer,00:04:03,35116K,00:04:03
6431721_optimizer_row72,optimizer,00:04:09,35112K,00:04:09
6431721_optimizer_row73,optimizer,00:03:32,35116K,00:03:32
6431721_optimizer_row74,optimizer,00:03:32,19472K,00:03:32
6431721_optimizer_row75,optimizer,00:00:42,35116K,00:00:42
6431721_optimizer_row76,optimizer,00:01:38,35108K,00:01:38
6431721_optimizer_row77,optimizer,00:04:16,35116K,00:04:16
6431721_optimizer_row78,optimizer,00:04:05,35172K,00:04:05
6431721_optimizer_row79,optimizer,00:04:00,35116K,00:04:00
6431721_optimizer_row80,optimizer,00:03:46,35112K,00:03:46
6431721_optimizer_row81,optimizer,00:04:25,6996K,00:04:25
6431721_optimizer_row82,optimizer,00:04:22,21528K,00:04:22
6431721_optimizer_row83,optimizer,00:03:59,35112K,00:03:59
6431721_optimizer_row84,optimizer,00:03:55,35112K,00:03:55
6431721_optimizer_row85,optimizer,00:04:25,35116K,00:04:25
6431721_optimizer_row86,optimizer,00:04:08,35112K,00:04:08
6431721_optimizer_row87,optimizer,00:04:05,35116K,00:04:05
6431721_optimizer_row88,optimizer,00:04:05,35112K,00:04:05
6431721_optimizer_row89,optimizer,00:04:00,35112K,00:04:00
6431721_optimizer_row90,optimizer,00:04:46,35112K,00:04:46
6431721_optimizer_row91,optimizer,00:04:08,35112K,00:04:08
6431721_optimizer_row92,optimizer,00:04:08,35116K,00:04:08
6431721_optimizer_row93,optimizer,00:04:07,35112K,00:04:07
6431721_optimizer_row94,optimizer,00:04:08,35116K,00:04:08
6431721_optimizer_row95,optimizer,00:04:05,35112K,00:04:05
6431721_optimizer_row96,optimizer,00:04:06,35112K,00:04:06
6431721_optimizer_row97,optimizer,00:04:06,35112K,00:04:06
6431721_optimizer_row98,optimizer,00:04:43,35112K,00:04:43
6431721_optimizer_row99,optimizer,00:04:01,7000K,00:04:01
6431722_stacker_row0,stacker,00:00:56,440380K,00:00:56
6511864_stacker_row0,stacker,00:00:38,433532K,00:00:38
6431722_stacker_row1,stacker,00:01:15,440336K,00:01:15
6431722_stacker_row2,stacker,00:01:30,440328K,00:01:30
6431722_stacker_row3,stacker,00:01:35,440332K,00:01:35
6431722_stacker_row4,stacker,00:01:16,440332K,00:01:16
6431722_stacker_row5,stacker,00:01:00,440332K,00:01:00
6431722_stacker_row6,stacker,00:01:10,426864K,00:01:10
6431722_stacker_row7,stacker,00:01:18,7356K,00:01:18
6431722_stacker_row8,stacker,00:01:18,83560K,00:01:18
6431722_stacker_row9,stacker,00:01:22,440332K,00:01:22
6431722_stacker_row10,stacker,00:01:28,440336K,00:01:28
6431722_stacker_row11,stacker,00:01:13,440336K,00:01:13
6431722_stacker_row12,stacker,00:01:23,440332K,00:01:23
6431722_stacker_row13,stacker,00:01:26,440336K,00:01:26
6431722_stacker_row14,stacker,00:01:28,440332K,00:01:28
6431722_stacker_row15,stacker,00:01:24,440336K,00:01:24
6431722_stacker_row16,stacker,00:01:49,440336K,00:01:49
6431722_stacker_row17,stacker,00:01:46,440336K,00:01:46
6431722_stacker_row18,stacker,00:01:32,440336K,00:01:32
6431722_stacker_row19,stacker,00:01:25,440336K,00:01:25
6431722_stacker_row20,stacker,00:01:26,440336K,00:01:26
6431722_stacker_row21,stacker,00:01:25,440336K,00:01:25
6431722_stacker_row22,stacker,00:01:26,440332K,00:01:26
6431722_stacker_row23,stacker,00:01:25,440332K,00:01:25
6431722_stacker_row24,stacker,00:01:18,440336K,00:01:18
6431722_stacker_row25,stacker,00:00:55,440332K,00:00:55
6431722_stacker_row26,stacker,00:01:15,21472K,00:01:15
6431722_stacker_row27,stacker,00:01:16,21468K,00:01:16
6431722_stacker_row28,stacker,00:01:15,85484K,00:01:15
6431722_stacker_row29,stacker,00:01:20,21468K,00:01:20
6431722_stacker_row30,stacker,00:01:18,14656K,00:01:18
6431722_stacker_row31,stacker,00:01:28,14656K,00:01:28
6431722_stacker_row32,stacker,00:01:29,16092K,00:01:29
6431722_stacker_row33,stacker,00:01:12,254764K,00:01:12
6431722_stacker_row34,stacker,00:01:01,80980K,00:01:01
6431722_stacker_row35,stacker,00:01:13,15400K,00:01:13
6431722_stacker_row36,stacker,00:01:17,14164K,00:01:17
6431722_stacker_row37,stacker,00:01:17,14172K,00:01:17
6431722_stacker_row38,stacker,00:01:21,14164K,00:01:21
6431722_stacker_row39,stacker,00:01:20,182644K,00:01:20
6431722_stacker_row40,stacker,00:01:16,254764K,00:01:16
6431722_stacker_row41,stacker,00:01:22,21468K,00:01:22
6431722_stacker_row42,stacker,00:01:25,21472K,00:01:25
6431722_stacker_row43,stacker,00:01:25,21468K,00:01:25
6431722_stacker_row44,stacker,00:01:21,14168K,00:01:21
6431722_stacker_row45,stacker,00:01:44,21468K,00:01:44
6431722_stacker_row46,stacker,00:01:38,21468K,00:01:38
6431722_stacker_row47,stacker,00:01:26,21472K,00:01:26
6431722_stacker_row48,stacker,00:01:25,14172K,00:01:25
6431722_stacker_row49,stacker,00:01:26,21472K,00:01:26
6431722_stacker_row50,stacker,00:01:10,21472K,00:01:10
6431722_stacker_row51,stacker,00:01:22,21472K,00:01:22
6431722_stacker_row52,stacker,00:01:24,21468K,00:01:24
6431722_stacker_row53,stacker,00:01:20,124840K,00:01:20
6431722_stacker_row54,stacker,00:01:11,21468K,00:01:11
6431722_stacker_row55,stacker,00:01:13,14164K,00:01:13
6431722_stacker_row56,stacker,00:01:10,185348K,00:01:10
6431722_stacker_row57,stacker,00:01:16,161252K,00:01:16
6431722_stacker_row58,stacker,00:01:17,78816K,00:01:17
6431722_stacker_row59,stacker,00:01:22,21468K,00:01:22
6431722_stacker_row60,stacker,00:01:34,17112K,00:01:34
6431722_stacker_row61,stacker,00:01:35,21472K,00:01:35
6431722_stacker_row62,stacker,00:01:21,297356K,00:01:21
6431722_stacker_row63,stacker,00:01:17,21472K,00:01:17
6431722_stacker_row64,stacker,00:01:33,16092K,00:01:33
6431722_stacker_row65,stacker,00:01:37,14168K,00:01:37
6431722_stacker_row66,stacker,00:01:36,161220K,00:01:36
6431722_stacker_row67,stacker,00:01:36,21472K,00:01:36
6431722_stacker_row68,stacker,00:01:30,21472K,00:01:30
6431722_stacker_row69,stacker,00:01:26,265788K,00:01:26
6431722_stacker_row70,stacker,00:01:35,30000K,00:01:35
6431722_stacker_row71,stacker,00:01:39,17032K,00:01:39
6431722_stacker_row72,stacker,00:01:40,21472K,00:01:40
6431722_stacker_row73,stacker,00:01:34,21472K,00:01:34
6431722_stacker_row74,stacker,00:01:56,21472K,00:01:56
6431722_stacker_row75,stacker,00:01:26,21472K,00:01:26
6431722_stacker_row76,stacker,00:01:37,21472K,00:01:37
6431722_stacker_row77,stacker,00:01:37,21472K,00:01:37
6431722_stacker_row78,stacker,00:01:40,21468K,00:01:40
6431722_stacker_row79,stacker,00:01:37,21476K,00:01:37
6431722_stacker_row80,stacker,00:01:38,21472K,00:01:38
6431722_stacker_row81,stacker,00:01:37,21472K,00:01:37
6431722_stacker_row82,stacker,00:01:18,21472K,00:01:18
6431722_stacker_row83,stacker,00:01:12,21468K,00:01:12
6431722_stacker_row84,stacker,00:01:23,21472K,00:01:23
6431722_stacker_row85,stacker,00:01:18,17112K,00:01:18
6431722_stacker_row86,stacker,00:01:15,21468K,00:01:15
6431722_stacker_row87,stacker,00:01:16,21468K,00:01:16
6431722_stacker_row88,stacker,00:01:07,297336K,00:01:07
6431722_stacker_row89,stacker,00:00:57,21468K,00:00:57
6431722_stacker_row90,stacker,00:01:09,15400K,00:01:09
6431722_stacker_row91,stacker,00:01:14,14172K,00:01:14
6431722_stacker_row92,stacker,00:01:15,14168K,00:01:15
6431722_stacker_row93,stacker,00:01:16,21468K,00:01:16
6431722_stacker_row94,stacker,00:01:18,21468K,00:01:18
6431722_stacker_row95,stacker,00:01:06,21472K,00:01:06
6431722_stacker_row96,stacker,00:01:16,39976K,00:01:16
6431722_stacker_row97,stacker,00:01:16,21468K,00:01:16
6431722_stacker_row98,stacker,00:01:18,21468K,00:01:18
6431722_stacker_row99,stacker,00:01:08,21472K,00:01:08
